"id";"author_name"
2303;"Suzanne Collins"
2304;"J.K. Rowling"
2305;"Stephenie Meyer"
2306;"Harper Lee"
2307;"F. Scott Fitzgerald"
2308;"John Green"
2309;"J.R.R. Tolkien"
2310;"J.D. Salinger"
2311;"Dan Brown"
2312;"Jane Austen"
2313;"Khaled Hosseini"
2314;"Veronica Roth"
2315;"George Orwell"
2316;"Anne Frank"
2317;"Stieg Larsson"
2318;"Alice Sebold"
2319;"William Golding"
2320;"William Shakespeare"
2321;"Gillian Flynn"
2322;"Kathryn Stockett"
2323;"John Steinbeck"
2324;"Arthur Golden"
2325;"E.L. James"
2326;"Paulo Coelho"
2327;"Lois Lowry"
2328;"C.S. Lewis"
2329;"Audrey Niffenegger"
2330;"George R.R. Martin"
2331;"Elizabeth Gilbert"
2332;"Rick Riordan"
2333;"Louisa May Alcott"
2334;"Charlotte Bronte"
2335;"Nicholas Sparks"
2336;"Yann Martel"
2337;"Sara Gruen"
2338;"Markus Zusak"
2339;"Ray Bradbury"
2340;"Shel Silverstein"
2341;"Cassandra Clare"
2342;"Christopher Paolini"
2343;"Douglas Adams"
2344;"Aldous Huxley"
2345;"Sue Monk Kidd"
2346;"Mark Twain"
2347;"E.B. White"
2348;"Mark Haddon"
2349;"Paula Hawkins"
2350;"Philip Pullman"
2351;"Emily Bronte"
2352;"Jodi Picoult"
2353;"Kurt Vonnegut Jr."
2354;"Margaret Mitchell"
2355;"Stephen Chbosky"
2356;"Orson Scott Card"
2357;"Mary Wollstonecraft Shelley"
2358;"Stephen King"
2359;"Helen Fielding"
2360;"Louis Sachar"
2361;"Lauren Weisberger"
2362;"Homer"
2363;"Antoine de Saint-Exupory"
2364;"Jeannette Walls"
2365;"Jon Krakauer"
2366;"Charles Dickens"
2367;"Michael Crichton"
2368;"John Grisham"
2369;"Elie Wiesel"
2370;"William Goldman"
2371;"S.E. Hinton"
2372;"James Dashner"
2373;"Steven D. Levitt"
2374;"Frances Hodgson Burnett"
2375;"Gabriel Garcia Marquez"
2376;"Oscar Wilde"
2377;"Bram Stoker"
2378;"Barbara Kingsolver"
2379;"David Sedaris"
2380;"Maurice Sendak"
2381;"Alexandre Dumas"
2382;"Cormac McCarthy"
2383;"Tina Fey"
2384;"Sophie Kinsella"
2385;"Victor Hugo"
2386;"Kim Edwards"
2387;"Jojo Moyes"
2388;"Joseph Heller"
2389;"Mitch Albom"
2390;"Jeffrey Eugenides"
2391;"Madeleine L'Engle"
2392;"Amy Tan"
2393;"Margaret Atwood"
2394;"Ann Brashares"
2395;"Vladimir Nabokov"
2396;"Gregory Maguire"
2397;"Emma Donoghue"
2398;"Frank Herbert"
2399;"Malcolm Gladwell"
2400;"Walter Isaacson"
2401;"Ken Kesey"
2402;"Ernest Hemingway"
2403;"L.M. Montgomery"
2404;"Rebecca Wells"
2405;"Diana Gabaldon"
2406;"Nathaniel Hawthorne"
2407;"Ransom Riggs"
2408;"Andy Weir"
2409;"Ken Follett"
2410;"Anthony Doerr"
2411;"Laura Hillenbrand"
2412;"Donna Tartt"
2413;"Jay Asher"
2414;"Tracy Chevalier"
2415;"Gayle Forman"
2416;"Anita Diamant"
2417;"Emily Giffin"
2418;"Dr. Seuss"
2419;"Roald Dahl"
2420;"Albert Camus"
2421;"Rainbow Rowell"
2422;"Ally Condie"
2423;"Neil Gaiman"
2424;"Leo Tolstoy"
2425;"Anthony Burgess"
2426;"William Paul Young"
2427;"Fyodor Dostoyevsky"
2428;"Sylvia Plath"
2429;"Frank McCourt"
2430;"Hermann Hesse"
2431;"Truman Capote"
2432;"Kami Garcia"
2433;"Erin Morgenstern"
2434;"Philippa Gregory"
2435;"Scott Westerfeld"
2436;"Cheryl Strayed"
2437;"Alan Moore"
2438;"Patrick Rothfuss"
2439;"Herman Melville"
2440;"Mary Ann Shaffer"
2441;"Chuck Palahniuk"
2442;"Charlaine Harris"
2443;"Alice Walker"
2444;"John Grogan"
2445;"Agatha Christie"
2446;"Becca Fitzpatrick"
2447;"Jamie McGuire"
2448;"Anne Rice"
2449;"Kiera Cass"
2450;"Janet Evanovich"
2451;"Rebecca Skloot"
2452;"Thomas Harris"
2453;"Richelle Mead"
2454;"Ian McEwan"
2455;"Franz Kafka"
2456;"Ernest Cline"
2457;"Garth Stein"
2458;"Erik Larson"
2459;"Sylvia Day"
2460;"Mark Cotta Vaz"
2461;"Dave Pelzer"
2462;"Robert Ludlum"
2463;"Eoin Colfer"
2464;"Lauren Kate"
2465;"Emma McLaughlin"
2466;"Lewis Carroll"
2467;"Tatiana de Rosnay"
2468;"Laurie Halse Anderson"
2469;"Liane Moriarty"
2470;"Augusten Burroughs"
2471;"Max Brooks"
2472;"James Patterson"
2473;"Katherine Paterson"
2474;"P.C. Cast"
2475;"Stephen R. Covey"
2476;"Jonathan Safran Foer"
2477;"R.J. Palacio"
2478;"Marissa Meyer"
2479;"Robert Galbraith"
2480;"Maggie Stiefvater"
2481;"Ayn Rand"
2482;"Greg Mortenson"
2483;"Jane Carruth"
2484;"Carlos Ruiz Zafan"
2485;"Dale Carnegie"
2486;"Frances Mayes"
2487;"Gail Carson Levine"
2488;"Betty  Smith"
2489;"Kristin Hannah"
2490;"Kazuo Ishiguro"
2491;"Cecelia Ahern"
2492;"Daphne du Maurier"
2493;"Daniel Keyes"
2494;"Laura Esquivel"
2495;"Lisa See"
2496;"Mario Puzo"
2497;"Isaac Asimov"
2498;"John Tiffany"
2499;"Lauren Oliver"
2500;"Terry Pratchett"
2501;"Jack Kerouac"
2502;"Graeme Simsion"
2503;"Tom Clancy"
2504;"Richard Adams"
2505;"Mindy Kaling"
2506;"Abraham Verghese"
2507;"Robert Louis Stevenson"
2508;"Eric Carle"
2509;"H.G. Wells"
2510;"Todd Burpo"
2511;"John Boyne"
2512;"Joseph Conrad"
2513;"Rhonda Byrne"
2514;"Wally Lamb"
2515;"Jennifer Weiner"
2516;"Colleen McCullough"
2517;"M.L. Stedman"
2518;"Cornelia Funke"
2519;"Spencer Johnson"
2520;"Bill Bryson"
2521;"Maya Angelou"
2522;"Christina Baker Kline"
2523;"Maria Semple"
2524;"Wilson Rawls"
2525;"Milan Kundera"
2526;"John Irving"
2527;"Janet Fitch"
2528;"Marie Lu"
2529;"Randy Pausch"
2530;"Robert Jordan"
2531;"Lisa Genova"
2532;"David Nicholls"
2533;"Margaret Wise Brown"
2534;"Pittacus Lore"
2535;"L. Frank Baum"
2536;"E. Lockhart"
2537;"Hunter S. Thompson"
2538;"Amy Poehler"
2539;"Toni Morrison"
2540;"Kristin Cashore"
2541;"Lemony Snicket"
2542;"Erich Maria Remarque"
2543;"Philip K. Dick"
2544;"Stephanie Perkins"
2545;"David McCullough"
2546;"Dean Koontz"
2547;"Jerry Spinelli"
2548;"Robert A. Heinlein"
2549;"Jack London"
2550;"Jhumpa Lahiri"
2551;"Deborah Harkness"
2552;"Haruki Murakami"
2553;"Billie Letts"
2554;"James Frey"
2555;"Susan Cain"
2556;"Scott O'Dell"
2557;"Arthur Miller"
2558;"Gary Paulsen"
2559;"Brandon Sanderson"
2560;"Jeff Kinney"
2561;"Sarah J. Maas"
2562;"Jamie Ford"
2563;"Patrick Suskind"
2564;"Eric Schlosser"
2565;"William Gibson"
2566;"Edgar Allan Poe"
2567;"Sun Tzu"
2568;"William Landay"
2569;"Betty Edwards"
2570;"Ann Patchett"
2571;"Jared Diamond"
2572;"Fannie Flagg"
2573;"Chinua Achebe"
2574;"Gary Chapman"
2575;"Chris Cleave"
2576;"Alyson Noel"
2577;"Diane Setterfield"
2578;"Paula McLain"
2579;"Umberto Eco"
2580;"Beatrice Sparks"
2581;"John Kennedy Toole"
2582;"J.R. Ward"
2583;"Arundhati Roy"
2584;"Stephen Hawking"
2585;"Neal Stephenson"
2586;"Sarah Dessen"
2587;"A.A. Milne"
2588;"S.J. Watson"
2589;"Arthur Conan Doyle"
2590;"Rick Warren"
2591;"Jim Butcher"
2592;"Rick Yancey"
2593;"Charles Frazier"
2594;"Laura Joffe Numeroff"
2595;"Tennessee Williams"
2596;"Elizabeth Kostova"
2597;"Emily St. John Mandel"
2598;"Fredrik Backman"
2599;"Pearl S. Buck"
2600;"John Berger"
2601;"Anonymous"
2602;"Chuck Dixon"
2603;"Junot Diaz"
2604;"Zora Neale Hurston"
2605;"Newt Scamander"
2606;"Malala Yousafzai"
2607;"Viktor E. Frankl"
2608;"Tana French"
2609;"Richard Dawkins"
2610;"Lee Child"
2611;"Daniel Defoe"
2612;"Niccolo Machiavelli"
2613;"Terry Goodkind"
2614;"Kathleen Grissom"
2615;"Jeanne DuPrau"
2616;"Kahlil Gibran"
2617;"Art Spiegelman"
2618;"Dave Eggers"
2619;"Jean M. Auel"
2620;"Anna Sewell"
2621;"Bret Easton Ellis"
2622;"Meg Cabot"
2623;"Alexander McCall Smith"
2624;"Robert Kirkman"
2625;"Arthur C. Clarke"
2626;"Francine Rivers"
2627;"Tim LaHaye"
2628;"Barbara Ehrenreich"
2629;"Patricia Cornwell"
2630;"Corrie ten Boom"
2631;"Pat Conroy"
2632;"Michael Chabon"
2633;"Simone Elkeles"
2634;"J.M. Barrie"
2635;"Michael Connelly"
2636;"David Mitchell"
2637;"Tim O'Brien"
2638;"Banksy"
2639;"Jeff Lindsay"
2640;"Jonathan Swift"
2641;"Unknown"
2642;"Frank Miller"
2643;"Laini Taylor"
2644;"Victoria Aveyard"
2645;"Charles Duhigg"
2646;"John Berendt"
2647;"Colleen Hoover"
2648;"Laura Ingalls Wilder"
2649;"Margery Williams Bianco"
2650;"Robert M. Pirsig"
2651;"Sara Shepard"
2652;"Don Freeman"
2653;"Michael Pollan"
2654;"Kate Atkinson"
2655;"Kenneth Branagh"
2656;"Thomas Hardy"
2657;"Gustave Flaubert"
2658;"Norton Juster"
2659;"Ned Vizzini"
2660;"Vanessa Diffenbaugh"
2661;"Nick Hornby"
2662;"John Gray"
2663;"Anthony Bourdain"
2664;"Voltaire"
2665;"Natalie Babbitt"
2666;"P.D. Eastman"
2667;"E.H. Gombrich"
2668;"Robert T. Kiyosaki"
2669;"Lev Grossman"
2670;"Tsugumi Ohba"
2671;"Libba Bray"
2672;"Tammara Webber"
2673;"Sherman Alexie"
2674;"Mikhail Bulgakov"
2675;"Ursula K. Le Guin"
2676;"Kate DiCamillo"
2677;"John Knowles"
2678;"Miguel de Cervantes Saavedra"
2679;"Robin Hobb"
2680;"Beatrix Potter"
2681;"Susanna Kaysen"
2682;"Chelsea Handler"
2683;"Richard Bach"
2684;"Robert Munsch"
2685;"Daniel James Brown"
2686;"Kate Morton"
2687;"Piper Kerman"
2688;"Daniel Kahneman"
2689;"Marion Zimmer Bradley"
2690;"Judy Blume"
2691;"Chris Bohjalian"
2692;"Chris Van Allsburg"
2693;"Jon Scieszka"
2694;"Sheryl Sandberg"
2695;"Tahereh Mafi"
2696;"Jostein Gaarder"
2697;"Jennifer Egan"
2698;"Johanna Spyri"
2699;"Alex Flinn"
2700;"Geoffrey Chaucer"
2701;"Harriet Beecher Stowe"
2702;"Gaston Leroux"
2703;"Jose Saramago"
2704;"Jonathan Franzen"
2705;"Ally Carter"
2706;"Aravind Adiga"
2707;"Barack Obama"
2708;"Judith Viorst"
2709;"Howard Zinn"
2710;"Justin Cronin"
2711;"Celeste Ng"
2712;"Isabel Allende"
2713;"Chimamanda Ngozi Adichie"
2714;"Christopher McDougall"
2715;"Gabrielle Zevin"
2716;"Ludwig Bemelmans"
2717;"Napoleon Hill"
2718;"Susanna Clarke"
2719;"Michael  Grant"
2720;"Jess Walter"
2721;"Matthew Quick"
2722;"Jules Verne"
2723;"Virginia Woolf"
2724;"Jonas Jonasson"
2725;"Richard Bachman"
2726;"Sharon Creech"
2727;"Julie Powell"
2728;"Neal Shusterman"
2729;"Kate Egan"
2730;"William Faulkner"
2731;"Eckhart Tolle"
2732;"Tite Kubo"
2733;"Allie Brosh"
2734;"Gregory David Roberts"
2735;"Jeffery Deaver"
2736;"Bernhard Schlink"
2737;"Bill Martin Jr."
2738;"Dan Simmons"
2739;"William Peter Blatty"
2740;"David Guterson"
2741;"Alex Haley"
2742;"Ralph Ellison"
2743;"Ishmael Beah"
2744;"Robert C. O'Brien"
2745;"Melissa Bank"
2746;"Hugh Howey"
2747;"Christopher Moore"
2748;"Jenny  Lawson"
2749;"Scott Lynch"
2750;"Garth Nix"
2751;"Jennifer L. Armentrout"
2752;"Bryan Lee O'Malley"
2753;"Julie Kagawa"
2754;"Larry McMurtry"
2755;"Mary Roach"
2756;"Thomas Keneally"
2757;"Malcolm X"
2758;"Dennis Lehane"
2759;"Plato"
2760;"Patti Smith"
2761;"Phaidon Press"
2762;"Jane Green"
2763;"Rohinton Mistry"
2764;"Bill Watterson"
2765;"Kate Chopin"
2766;"Justin Halpern"
2767;"Irvine Welsh"
2768;"Miguel Ruiz"
2769;"Jacob Grimm"
2770;"E.L. Konigsburg"
2771;"Samantha Young"
2772;"Francis Chan"
2773;"Helen Keller"
2774;"Jonathan Tropper"
2775;"Seth Grahame-Smith"
2776;"Natsuki Takaya"
2777;"Brian Selznick"
2778;"Bisco Hatori"
2779;"Mary Kubica"
2780;"Abbi Glines"
2781;"Hilary Mantel"
2782;"Diana Wynne Jones"
2783;"Henry David Thoreau"
2784;"Julian Barnes"
2785;"Sue Grafton"
2786;"Sophocles"
2787;"Kenneth Grahame"
2788;"Jenny Han"
2789;"Marjane Satrapi"
2790;"E.M. Forster"
2791;"Kody Keplinger"
2792;"J.D. Robb"
2793;"Masashi Kishimoto"
2794;"Rachel Joyce"
2795;"David Levithan"
2796;"James Clavell"
2797;"Raina Telgemeier"
2798;"Jacquelyn Mitchard"
2799;"Louise Rennison"
2800;"Robin Sloan"
2801;"V.C. Andrews"
2802;"Paul Kalanithi"
2803;"Ellen Raskin"
2804;"Pierce Brown"
2805;"Brent Weeks"
2806;"Sam McBratney"
2807;"Peter Benchley"
2808;"Nicole Krauss"
2809;"Astrid Lindgren"
2810;"Muriel Barbery"
2811;"Doris Kearns Goodwin"
2812;"Susannah Cahalan"
2813;"Melissa Marr"
2814;"H.A. Rey"
2815;"Michael Ende"
2816;"Sylvia Nasar"
2817;"Upton Sinclair"
2818;"Kelley Armstrong"
2819;"Oliver Sacks"
2820;"Andre Dubus III"
2821;"M.R. Carey"
2822;"Crockett Johnson"
2823;"Hiromu Arakawa"
2824;"Joan Didion"
2825;"Lionel Shriver"
2826;"Edith Wharton"
2827;"Geraldine Brooks"
2828;"Sylvain Reynard"
2829;"Judi Barrett"
2830;"Helen Simonson"
2831;"Nora Roberts"
2832;"John Scalzi"
2833;"Irma S. Rombauer"
2834;"Joe Haldeman"
2835;"Azar Nafisi"
2836;"Joe Abercrombie"
2837;"Annie Proulx"
2838;"Marie Kondo"
2839;"Jennifer Niven"
2840;"Kathy Reichs"
2841;"Michael Scott"
2842;"Jessica Knoll"
2843;"Ellen Hopkins"
2844;"Richard Matheson"
2845;"Elizabeth Strout"
2846;"Lena Dunham"
2847;"James C. Collins"
2848;"Samuel Beckett"
2849;"J.A. Redmerski"
2850;"Kimberly McCreight"
2851;"Michael Cunningham"
2852;"Alice Clayton"
2853;"Susan Ee"
2854;"Richard Russo"
2855;"Jandy Nelson"
2856;"Catherine Hardwicke"
2857;"Richard Feynman"
2858;"James Joyce"
2859;"George Eliot"
2860;"S.C. Stephens"
2861;"Scott Turow"
2862;"Stacy Schiff"
2863;"Thomas L. Friedman"
2864;"Marcus Pfister"
2865;"Gretchen Rubin"
2866;"Vincent Bugliosi"
2867;"Robert Kapilow"
2868;"Dante Alighieri"
2869;"Patricia Briggs"
2870;"Melissa de la Cruz"
2871;"Caleb Carr"
2872;"Ta-Nehisi Coates"
2873;"John Milton"
2874;"Michael   Lewis"
2875;"Patrick Ness"
2876;"Frederick Forsyth"
2877;"Jason Fried"
2878;"Carol Rifka Brunt"
2879;"James Herriot"
2880;"Michelle Hodkin"
2881;"Emmuska Orczy"
2882;"Jon Stone"
2883;"Leigh Bardugo"
2884;"Herman Koch"
2885;"Carl Sagan"
2886;"Zadie Smith"
2887;"Chris Kyle"
2888;"Meg Wolitzer"
2889;"Better Homes and Gardens"
2890;"Tess Gerritsen"
2891;"Alan Bradley"
2892;"Donald Miller"
2893;"Brian K. Vaughan"
2894;"Chad Harbach"
2895;"Brandon Mull"
2896;"Mildred D. Taylor"
2897;"Aziz Ansari"
2898;"Katherine Applegate"
2899;"Sebastian Junger"
2900;"Jim Fergus"
2901;"Salman Rushdie"
2902;"Margaret Peterson Haddix"
2903;"Elizabeth George Speare"
2904;"Wilkie Collins"
2905;"James McBride"
2906;"Karen Marie Moning"
2907;"William Makepeace Thackeray"
2908;"Cynthia D'Aprix Sweeney"
2909;"Bill Willingham"
2910;"David    Allen"
2911;"James Redfield"
2912;"Huntley Fitzpatrick"
2913;"Chetan Bhagat"
2914;"Laurell K. Hamilton"
2915;"Mark Z. Danielewski"
2916;"Willa Cather"
2917;"Susan Beth Pfeffer"
2918;"Jon Stewart"
2919;"Don Piper"
2920;"Lao Tzu"
2921;"Jeffrey Archer"
2922;"Hans Christian Andersen"
2923;"Friedrich Nietzsche"
2924;"Elizabeth Gaskell"
2925;"Jaycee Dugard"
2926;"Amish Tripathi"
2927;"Aesop"
2928;"Matsuri Hino"
2929;"Anne McCaffrey"
2930;"John D. Rateliff"
2931;"Joanne Harris"
2932;"Jay Anson"
2933;"Michael Ondaatje"
2934;"Colum McCann"
2935;"Harlan Coben"
2936;"Rachel Hawkins"
2937;"Austin Kleon"
2938;"Christina Lauren"
2939;"Joyce Carol Oates"
2940;"Scott McCloud"
2941;"Jon Ronson"
2942;"David Baldacci"
2943;"Jonathan Stroud"
2944;"Stephen Colbert"
2945;"Kenneth H. Blanchard"
2946;"Leon Uris"
2947;"Ursula Hegi"
2948;"Raymond Chandler"
2949;"Ellen DeGeneres"
2950;"Eowyn Ivey"
2951;"J. Lynn"
2952;"Benjamin Hoff"
2953;"Sarah Dunant"
2954;"David Lagercrantz"
2955;"Emma Cline"
2956;"Shannon Hale"
2957;"Isaac Marion"
2958;"Elif Shafak"
2959;"Hajime Isayama"
2960;"Olive Ann Burns"
2961;"Elena Ferrante"
2962;"Timothy Ferriss"
2963;"Robin S. Sharma"
2964;"Amor Towles"
2965;"Larry Niven"
2966;"Ruta Sepetys"
2967;"Andrew Clements"
2968;"Louise Erdrich"
2969;"Hanya Yanagihara"
2970;"Anne Tyler"
2971;"Benjamin Alire Soenz"
2972;"Johann David Wyss"
2973;"Jennifer Probst"
2974;"Watty Piper"
2975;"Karen Joy Fowler"
2976;"Alan Brennert"
2977;"Frank E. Peretti"
2978;"Jessica Sorensen"
2979;"Lauren Groff"
2980;"Brian Greene"
2981;"Janell Cannon"
2982;"Nancy Horan"
2983;"Flora Rheta Schreiber"
2984;"Rosamunde Pilcher"
2985;"Ronald Holt"
2986;"Bill O'Reilly"
2987;"John Flanagan"
2988;"Ira Levin"
2989;"Katherine Boo"
2990;"P.L. Travers"
2991;"Sandra Cisneros"
2992;"David Benioff"
2993;"Jeaniene Frost"
2994;"James S.A. Corey"
2995;"Ezra Jack Keats"
2996;"Richard   Preston"
2997;"Lynne Truss"
2998;"Kim Harrison"
2999;"Clement C. Moore"
3000;"Cynthia Hand"
3001;"Lee Strobel"
3002;"Carl Hiaasen"
3003;"Virgil"
3004;"Daniel Quinn"
3005;"Katie McGarry"
3006;"Kennilworthy Whisp"
3007;"Harry Allard"
3008;"Trenton Lee Stewart"
3009;"Christopher Hitchens"
3010;"Jennifer E. Smith"
3011;"Tom Robbins"
3012;"Jenna Blum"
3013;"Beth Revis"
3014;"M. Scott Peck"
3015;"Gertrude Chandler Warner"
3016;"A.S.A. Harrison"
3017;"Caitlin Moran"
3018;"Keith Richards"
3019;"Anita Shreve"
3020;"Don DeLillo"
3021;"Stephen E. Ambrose"
3022;"Charles Darwin"
3023;"Craig Thompson"
3024;"David Wroblewski"
3025;"Christina Schwarz"
3026;"Charles Bukowski"
3027;"Eichiro Oda"
3028;"Peter S. Beagle"
3029;"Angie Sage"
3030;"Rudyard Kipling"
3031;"Terry Hayes"
3032;"Allen Ginsberg"
3033;"Richard Carlson"
3034;"Adam Mansbach"
3035;"Tea Obreht"
3036;"Maria V. Snyder"
3037;"Karin Slaughter"
3038;"Yana Toboso"
3039;"Emily Seife"
3040;"Peter V. Brett"
3041;"John Bunyan"
3042;"Carson McCullers"
3043;"T.H. White"
3044;"Christopher Paul Curtis"
3045;"Alison Bechdel"
3046;"Dan Ariely"
3047;"name"
3048;"Lynne Reid Banks"
3049;"Jesse Andrews"
3050;"Simon Winchester"
3051;"Jasper Fforde"
3052;"Faye Perozich"
3053;"Dalai Lama XIV"
3054;"Anna Quindlen"
3055;"L.J. Smith"
3056;"Chuck Klosterman"
3057;"Evelyn Waugh"
3058;"Jessie Burton"
3059;"Margaret Weis"
3060;"Julia Cameron"
3061;"Joe Hill"
3062;"Robert K. Massie"
3063;"Marcus Luttrell"
3064;"Richard Wright"
3065;"Veronica Rossi"
3066;"Eric Ries"
3067;"David Eddings"
3068;"Roberto Aguirre-Sacasa"
3069;"William L. Shirer"
3070;"Jeff Smith"
3071;"Brian Jacques"
3072;"Karl Marx"
3073;"Ruth Ware"
3074;"James Fenimore Cooper"
3075;"William Styron"
3076;"Bruce H. Wilkinson"
3077;"Karen Thompson Walker"
3078;"Julia Child"
3079;"Wendelin Van Draanen"
3080;"Travis Bradberry"
3081;"Robert McCloskey"
3082;"Douglas Preston"
3083;"Nicola Yoon"
3084;"George Bernard Shaw"
3085;"Louis de Berniores"
3086;"Adam Johnson"
3087;"Chaim Potok"
3088;"Irving Stone"
3089;"Peggy Parish"
3090;"Jodi Ellen Malpas"
3091;"W. Bruce Cameron"
3092;"Sabaa Tahir"
3093;"Helene Wecker"
3094;"name"
3095;"Esphyr Slobodkina"
3096;"Tamora Pierce"
3097;"James Ellroy"
3098;"Jung Chang"
3099;"Guillermo del Toro"
3100;"Emily Dickinson"
3101;"Fred Gipson"
3102;"Steve Martin"
3103;"Frank Warren"
3104;"Mary Norton"
3105;"Alexandra Bracken"
3106;"Norman Vincent Peale"
3107;"Hiro Mashima"
3108;"Solomon Northup"
3109;"Nathaniel Philbrick"
3110;"Ayaan Hirsi Ali"
3111;"Nassim Nicholas Taleb"
3112;"Aleksandr Solzhenitsyn"
3113;"Walter M. Miller Jr."
3114;"Colm Taiban"
3115;"Lauren DeStefano"
3116;"J.D. Vance"
3117;"Stephen Crane"
3118;"Randall Munroe"
3119;"Steven Erikson"
3120;"Colson Whitehead"
3121;"Cora Carmack"
3122;"J.M. Coetzee"
3123;"Arnold Lobel"
3124;"B.A. Paris"
3125;"Michael Shaara"
3126;"Sharon M. Draper"
3127;"Amanda Hocking"
3128;"Boris Pasternak"
3129;"Blake Crouch"
3130;"P.D. James"
3131;"Jane Hamilton"
3132;"O. Henry"
3133;"Tom Wolfe"
3134;"William S. Burroughs"
3135;"Atul Gawande"
3136;"Henrik Ibsen"
3137;"James A. Michener"
3138;"Richard Yates"
3139;"Rachel Cohn"
3140;"Tom Stoppard"
3141;"Alex Garland"
3142;"Beth Hoffman"
3143;"Beverly Cleary"
3144;"Raymond E. Feist"
3145;"Jennifer Crusie"
3146;"Nelson Mandela"
3147;"Bryce Courtenay"
3148;"Dashiell Hammett"
3149;"Daniel Goleman"
3150;"Munro Leaf"
3151;"Walter Scott"
3152;"Kiersten White"
3153;"Adriana Trigiani"
3154;"Andre Agassi"
3155;"Anthony Horowitz"
3156;"Daniel H. Pink"
3157;"Jeph Loeb"
3158;"Jean-Paul Sartre"
3159;"John Eldredge"
3160;"Jan Brett"
3161;"Doreen Cronin"
3162;"Kendare Blake"
3163;"Avi"
3164;"Robert Goolrick"
3165;"Leif Enger"
3166;"Janette Sebring Lowrey"
3167;"Maeve Binchy"
3168;"Kate Jacobs"
3169;"David Foster Wallace"
3170;"Emma Chase"
3171;"John Wyndham"
3172;"Patrick deWitt"
3173;"Shilpi Somaya Gowda"
3174;"Maureen Johnson"
3175;"Ron Hall"
3176;"Tracy Kidder"
3177;"Mark  Lawrence"
3178;"Nancy Farmer"
3179;"Walt Whitman"
3180;"D.H. Lawrence"
3181;"George S. Clason"
3182;"Sarah Addison Allen"
3183;"Frederick Douglass"
3184;"Greg Behrendt"
3185;"Rachel Caine"
3186;"Peter David"
3187;"Ruth Ozeki"
3188;"Tucker Max"
3189;"Jay Crownover"
3190;"Robert B. Cialdini"
3191;"Louise Fitzhugh"
3192;"Sarah Waters"
3193;"Marian Keyes"
3194;"Louise Penny"
3195;"John Ajvide Lindqvist"
3196;"Morgan Matson"
3197;"Oswald Chambers"
3198;"Andrea Cremer"
3199;"Naomi Novik"
3200;"Alfred Lansing"
3201;"Rebecca Stead"
3202;"Phyllis Reynolds Naylor"
3203;"Jo Nesbe"
3204;"Stephen Kendrick"
3205;"Ben Sherwood"
3206;"Rebecca Donovan"
3207;"Sidney Sheldon"
3208;"M.C. Escher"
3209;"Donna Woolfolk Cross"
3210;"Sebastian Faulks"
3211;"Joshua Foer"
3212;"Sue Miller"
3213;"Norman Bridwell"
3214;"Katy Evans"
3215;"Anne Bronte"
3216;"Walter Farley"
3217;"Tomie dePaola"
3218;"R.L. Mathewson"
3219;"David Bayles"
3220;"Hayden Herrera"
3221;"C.C. Hunter"
3222;"Mo Willems"
3223;"Henry James"
3224;"Charlotte Perkins Gilman"
3225;"Noah Hawley"
3226;"name"
3227;"B.A. Shapiro"
3228;"Marilynne Robinson"
3229;"Thomas Pynchon"
3230;"Terry Brooks"
3231;"Ann-Marie MacDonald"
3232;"Tracey Garvis-Graves"
3233;"Miep Gies"
3234;"Clive Cussler"
3235;"Michael Bond"
3236;"Nelson DeMille"
3237;"Rumiko Takahashi"
3238;"David Seltzer"
3239;"Tom Rob Smith"
3240;"Nancy E. Turner"
3241;"Audrey Penn"
3242;"John Elder Robison"
3243;"Sherrilyn Kenyon"
3244;"Curtis Sittenfeld"
3245;"Anthony Kiedis"
3246;"Gail Carriger"
3247;"Lisa McMann"
3248;"Siddhartha Mukherjee"
3249;"Deepak Chopra"
3250;"Anne Lamott"
3251;"Kerstin Gier"
3252;"Timothy Zahn"
3253;"Robin Cook"
3254;"Louise L. Hay"
3255;"Emma Straub"
3256;"Oliver Petzsch"
3257;"Patricia C. Wrede"
3258;"John Sandford"
3259;"Tami Hoag"
3260;"Melanie Benjamin"
3261;"David Shannon"
3262;"William Strunk Jr."
3263;"R.A. Salvatore"
3264;"John  Williams"
3265;"David Cote"
3266;"Garth Ennis"
3267;"Edmond Rostand"
3268;"Anne Fadiman"
3269;"J. Kenner"
3270;"Eleanor H. Porter"
3271;"Anthony  Ryan"
3272;"Howard Pyle"
3273;"Lawrence Hill"
3274;"Lily King"
3275;"Carrie Ryan"
3276;"Eleanor Catton"
3277;"Chip Heath"
3278;"Piers Paul Read"
3279;"Joyce Meyer"
3280;"name"
3281;"Richard Castle"
3282;"Amazon"
3283;"Iain Banks"
3284;"Marisha Pessl"
3285;"Rob Lowe"
3286;"Kevin Kwan"
3287;"Robert Dugoni"
3288;"Mike Mignola"
3289;"Shirley Jackson"
3290;"Dodie Smith"
3291;"John Jakes"
3292;"Marcus Aurelius"
3293;"Dave Barry"
3294;"A.S. Byatt"
3295;"Sigmund Freud"
3296;"Peter Straub"
3297;"Mary Karr"
3298;"Raine Miller"
3299;"Jeff VanderMeer"
3300;"Reza Aslan"
3301;"Jan-Philipp Sendker"
3302;"Iain M. Banks"
3303;"David J. Schwartz"
3304;"Carlo Collodi"
3305;"Robin LaFevers"
3306;"Stormie Omartian"
3307;"Henry Miller"
3308;"Brian Sibley"
3309;"Alice Hoffman"
3310;"John Howard Griffin"
3311;"Jonathan Kellerman"
3312;"Robert James Waller"
3313;"Mark Bittman"
3314;"Wassily Kandinsky"
3315;"Winston Groom"
3316;"Italo Calvino"
3317;"Patricia MacLachlan"
3318;"name"
3319;"Brend Brown"
3320;"Eben Alexander"
3321;"A.J. Jacobs"
3322;"Katherine Dunn"
3323;"Robert Penn Warren"
3324;"Vince Flynn"
3325;"Hannah Kent"
3326;"Peter Mayle"
3327;"Martin Cruz Smith"
3328;"Tara Conklin"
3329;"Karen Hesse"
3330;"Elizabeth Wein"
3331;"Anna Godbersen"
3332;"Philip Roth"
3333;"Gena Showalter"
3334;"Elizabeth Berg"
3335;"Yoshiki Nakamura"
3336;"Paolo Bacigalupi"
3337;"Ilona Andrews"
3338;"Irene Nemirovsky"
3339;"Vincent van Gogh"
3340;"Grant Morrison"
3341;"Hillary Jordan"
3342;"Mark Bowden"
3343;"V.E. Schwab"
3344;"David Grann"
3345;"Trudi Canavan"
3346;"Patricia McCormick"
3347;"Jane Smiley"
3348;"Lloyd Alexander"
3349;"Ian Falconer"
3350;"Kent Haruf"
3351;"Daniel Clowes"
3352;"Ivan Turgenev"
3353;"Eliyahu M. Goldratt"
3354;"Claudia Gray"
3355;"Ashlee Vance"
3356;"Mark Waid"
3357;"Henri Charriere"
3358;"Chris Colfer"
3359;"David Ebershoff"
3360;"Walter Dean Myers"
3361;"Kevin Hearne"
3362;"Kim Stanley Robinson"
3363;"Heidi Murkoff"
3364;"Peter Thiel"
3365;"Jim Gaffigan"
3366;"Ron Chernow"
3367;"Nikolai Gogol"
3368;"Elle Kennedy"
3369;"Arlene Mosel"
3370;"Tina Reber"
3371;"Penelope Douglas"
3372;"Alison Weir"
3373;"Yevgeny Zamyatin"
3374;"Alan Paton"
3375;"Brian Froud"
3376;"Aprilynne Pike"
3377;"Cecily von Ziegesar"
3378;"Yuval Noah Harari"
3379;"M. Leighton"
3380;"Henning Mankell"
3381;"Shari Lapena"
3382;"Ann Leckie"
3383;"Allen Eskens"
3384;"Eric Wilson"
3385;"Jack Higgins"
3386;"David Wong"
3387;"Lucy Christopher"
3388;"Stanislav Lem"
3389;"Elizabeth Wurtzel"
3390;"Daniel J. Levitin"
3391;"Julia Quinn"
3392;"Lorraine Hansberry"
3393;"Richard K. Morgan"
3394;"A.J. Banner"
3395;"Jean-Dominique Bauby"
3396;"Chevy Stevens"
3397;"Charles C. Mann"
3398;"Kay Redfield Jamison"
3399;"Sarah  Young"
3400;"Edward Albee"
3401;"Andrzej Sapkowski"
3402;"Jacqueline Carey"
3403;"Eric Metaxas"
3404;"A.W. Tozer"
3405;"Jacqueline Winspear"
3406;"Dot Hutchison"
3407;"R.K. Lilley"
3408;"Alexandra Adornetto"
3409;"Kiran Desai"
3410;"Johann Wolfgang von Goethe"
3411;"Alexandra Fuller"
3412;"Robin McKinley"
3413;"name"
3414;"Rae Carson"
3415;"Ann Aguirre"
3416;"Dava Sobel"
3417;"James W. Loewen"
3418;"Alexandra Ripley"
3419;"Blaine Harden"
3420;"Sarah Thornton"
3421;"Dave Ramsey"
3422;"Richard Atwater"
3423;"George Saunders"
3424;"Thomas J. Stanley"
3425;"Bob Dylan"
3426;"George Selden"
3427;"Patrick Lencioni"
3428;"Roger Fisher"
3429;"Kerry Lonsdale"
3430;"Samantha Towle"
3431;"Madeline Miller"
3432;"Amy Schumer"
3433;"Krishna-Dwaipayana Vyasa"
3434;"Paul Auster"
3435;"Pam Munoz Ryan"
3436;"Candace Bushnell"
3437;"Dave Cullen"
3438;"Laila Ibrahim"
3439;"Mark Owen"
3440;"Laura Moriarty"
3441;"Clare Mackintosh"
3442;"H.G. Bissinger"
3443;"David Sheff"
3444;"Ovid"
3445;"Julia Alvarez"
3446;"Robert Morgan"
3447;"Bo Hampton"
3448;"Jen Lancaster"
3449;"Wallace Stegner"
3450;"John le Carre"
3451;"Elin Hilderbrand"
3452;"Tad Williams"
3453;"Jan Karon"
3454;"Tony Hsieh"
3455;"Erika Johansen"
3456;"Gordon Korman"
3457;"Holly Black"
3458;"Elizabeth Haynes"
3459;"Richard Lancelyn Green"
3460;"James Rollins"
3461;"Rachel Hartman"
3462;"Erich Segal"
3463;"Kevin Henkes"
3464;"Wendy Higgins"
3465;"Herman Wouk"
3466;"Bernard Cornwell"
3467;"Michael E. Gerber"
3468;"James Howe"
3469;"Jussi Adler-Olsen"
3470;"John Connolly"
3471;"Bill Clinton"
3472;"Linda Sue Park"
3473;"Nobuhiro Watsuki"
3474;"Miranda Kenneally"
3475;"Joe Simpson"
3476;"Simms Taback"
3477;"Dan Millman"
3478;"Barbara Demick"
3479;"Jack Welch"
3480;"Gail McHugh"
3481;"Jonah Lehrer"
3482;"Laurie R. King"
3483;"Jean de Brunhoff"
3484;"Tom Rachman"
3485;"Katja Millay"
3486;"Jenny Downham"
3487;"Kazue Kato"
3488;"Mohsin Hamid"
3489;"Jennifer A. Nielsen"
3490;"John Updike"
3491;"Daniel Todd Gilbert"
3492;"T.S. Eliot"
3493;"Else Holmelund Minarik"
3494;"David Platt"
3495;"Robert Greene"
3496;"Jean Craighead George"
3497;"Susanna Kearsley"
3498;"Peter Lerangis"
3499;"Hubert Selby Jr."
3500;"Erin Hunter"
3501;"Dee Brown"
3502;"Wlasizlaw Szpilman"
3503;"Maya Banks"
3504;"Ian Edginton"
3505;"Robert McCammon"
3506;"China Mieville"
3507;"Carrie Jones"
3508;"Geoffrey Crayon"
3509;"David Wilkerson"
3510;"Cynthia Lord"
3511;"Karen Russell"
3512;"Mark Kurlansky"
3513;"Og Mandino"
3514;"Ian Fleming"
3515;"Paullina Simons"
3516;"A.G. Riddle"
3517;"Julie James"
3518;"Peter Heller"
3519;"Sheila Burnford"
3520;"Fiona Barton"
3521;"Patrick Carman"
3522;"Marie Rutkoski"
3523;"Sapphire"
3524;"Atsushi Ohkubo"
3525;"William Kent Krueger"
3526;"Gene Luen Yang"
3527;"Eugene Bradley Coco"
3528;"K.A. Tucker"
3529;"Christopher Marlowe"
3530;"Anthony Robbins"
3531;"Diane Chamberlain"
3532;"Octavia E. Butler"
3533;"Henry Cloud"
3534;"John C. Maxwell"
3535;"J. Sterling"
3536;"Sarah Ban Breathnach"
3537;"Moira Young"
3538;"Edgar Rice Burroughs"
3539;"Victoria Finlay"
3540;"Ernest J. Gaines"
3541;"Gene Zion"
3542;"Hiro Fujiwara"
3543;"Nick Bantock"
3544;"name"
3545;"Ann Rule"
3546;"Julie Orringer"
3547;"Ben Aaronovitch"
3548;"Vikram Seth"
3549;"Amy Sedaris"
3550;"Peter  Swanson"
3551;"Patricia Schultz"
3552;"Max Lucado"
3553;"Renee Ahdieh"
3554;"Nicholas D. Kristof"
3555;"Daniel Handler"
3556;"Mary Doria Russell"
3557;"Charlie N. Holmberg"
3558;"Steve Harvey"
3559;"Candice Millard"
3560;"Emerson Eggerichs"
3561;"Lalita Tademy"
3562;"James D. Bradley"
3563;"Mahatma Gandhi"
3564;"Lance Armstrong"
3565;"Helen Macdonald"
3566;"Christopher Yost"
3567;"Karuho Shiina"
3568;"C.J. Roberts"
3569;"James Allen"
3570;"Nina George"
3571;"Ann Voskamp"
3572;"Robert Bloch"
3573;"Alistair MacLean"
3574;"Rupi Kaur"
3575;"Rosamund Lupton"
3576;"Liu Cixin"
3577;"Mark Millar"
3578;"Julia Glass"
3579;"Benjamin Franklin"
3580;"Timothy J. Keller"
3581;"W. Chan Kim"
3582;"Audrey Wood"
3583;"Matthew FitzSimmons"
3584;"Vernor Vinge"
3585;"Caroline B. Cooney"
3586;"Robert Lopshire"
3587;"Sophie Jordan"
3588;"Jessica Park"
3589;"Richard Flanagan"
3590;"A.N. Roquelaure"
3591;"Jennifer Worth"
3592;"Susan Elizabeth Phillips"
3593;"Stendhal"
3594;"Catherine Fisher"
3595;"Bev Vincent"
3596;"Josephine Angelini"
3597;"N.H. Kleinbaum"
3598;"Emily Bleeker"
3599;"Paramahansa Yogananda"
3600;"Alvin Schwartz"
3601;"John Hersey"
3602;"Jennifer Brown"
3603;"Kasie West"
3604;"Karen Armstrong"
3605;"Pablo Neruda"
3606;"Thomas More"
3607;"Pseudonymous Bosch"
3608;"Danielle  Paige"
3609;"Aimee Bender"
3610;"Dai Sijie"
3611;"Roxane Gay"
3612;"Amy Chua"
3613;"Noelle Stevenson"
3614;"Giada De Laurentiis"
3615;"Jeanette Winterson"
3616;"Ravinder Singh"
3617;"Betty MacDonald"
3618;"Dan   Harris"
3619;"Ina Garten"
3620;"Sena Jeter Naslund"
3621;"CLAMP"
3622;"Darren Shan"
3623;"M.T. Anderson"
3624;"Nalini Singh"
3625;"Euripides"
3626;"Cinda Williams Chima"
3627;"Hannah Hurnard"
3628;"Charles Burns"
3629;"Therese Anne Fowler"
3630;"Catherine Ryan Hyde"
3631;"Martha Hall Kelly"
3632;"Anthony Marra"
3633;"Will Schwalbe"
3634;"Lauren Barnholdt"
3635;"Warren Ellis"
3636;"George W. Bush"
3637;"Jon Meacham"
3638;"Mia Sheridan"
3639;"Alyson Richman"
3640;"Robert Graves"
3641;"Joelle Charbonneau"
3642;"Kirsty Moseley"
3643;"Darynda Jones"
3644;"Amanda Lindhout"
3645;"Vera Brosgol"
3646;"Jean Rhys"
3647;"John Fowles"
3648;"Caroline Kepnes"
3649;"Colleen Houck"
3650;"Jacqueline Woodson"
3651;"Mira Grant"
3652;"Gwyn Hyman Rubio"
3653;"Steve Berry"
3654;"Katherine Howe"
3655;"Kylie Scott"
3656;"Emma Healey"
3657;"Isabel Wilkerson"
3658;"Claire North"
3659;"Barbara W. Tuchman"
3660;"John Marsden"
3661;"Robert M. Edsel"
3662;"Ava Dellaira"
3663;"Helen Bryan"
3664;"Yaa Gyasi"
3665;"Immaculee Ilibagiza"
3666;"Joel Dicker"
3667;"Koushun Takami"
3668;"Nevil Shute"
3669;"Sophia Amoruso"
3670;"Elizabeth Peters"
3671;"Daniel Silva"
3672;"Edward Gorey"
3673;"Steven Pressfield"
3674;"Raymond Carver"
3675;"Michael J. Sullivan"
3676;"W. Somerset Maugham"
3677;"Lisa Gardner"
3678;"Virginia Lee Burton"
3679;"Vicki Myron"
3680;"Soman Chainani"
3681;"Margret Rey"
3682;"Naoko Takeuchi"
3683;"Sarah Vowell"
3684;"Roger Zelazny"
3685;"MaryJanice Davidson"
3686;"Joseph Campbell"
3687;"Jo Baker"
3688;"Cary Elwes"
3689;"Peggy Rathmann"
3690;"Robyn Schneider"
3691;"Jude Watson"
3692;"Frank W. Abagnale"
3693;"Gary Zukav"
3694;"Josh Malerman"
3695;"Dan Wells"
3696;"Timothy Egan"
3697;"Ellen Marie Wiseman"
3698;"Scott Snyder"
3699;"Raymond Khoury"
3700;"Kathy Griffin"
3701;"Nicholas Evans"
3702;"Sherry Argov"
3703;"Edwin A. Abbott"
3704;"Tim Tharp"
3705;"Erich Fromm"
3706;"Mary E. Pearson"
3707;"Eleanor Brown"
3708;"Tom Perrotta"
3709;"Mihaly Csikszentmihalyi"
3710;"Portia de Rossi"
3711;"Lisa Kleypas"
3712;"Carl Bernstein"
3713;"Gary Shteyngart"
3714;"Michelle Rowen"
3715;"Douglas R. Hofstadter"
3716;"Robert Frost"
3717;"Rodman Philbrick"
3718;"Philip Yancey"
3719;"name"
3720;"D.J. MacHale"
3721;"Chelsea M. Cameron"
3722;"Arthur Hailey"
3723;"Harold Bloom"
3724;"Alexander Pushkin"
3725;"Amie Kaufman"
3726;"Alison Goodman"
3727;"Carolyn Keene"
3728;"Hugh Lofting"
3729;"Lara Adrian"
3730;"Barbara Taylor Bradford"
3731;"Nicole  Williams"
3732;"Sarah Ockler"
3733;"Camilla Luckberg"
3734;"Donna Mabry"
3735;"Georgia Cates"
3736;"Mary Higgins Clark"
3737;"Thrity Umrigar"
3738;"Jerome K. Jerome"
3739;"Edward Abbey"
3740;"Tom Rath"
3741;"Edward Rutherfurd"
3742;"Bella Forrest"
3743;"Madeleine Wickham"
3744;"Jean Kwok"
3745;"Leonardo da Vinci"
3746;"Mollie Katzen"
3747;"Orhan Pamuk"
3748;"Carlos Castaneda"
3749;"Marcia Brown"
3750;"John   Williams"
3751;"Catherine Marshall"
3752;"Carol S. Dweck"
3753;"Richard H. Thaler"
3754;"Susan Cooper"
3755;"Richard Paige"
3756;"Kate Mosse"
3757;"Joseph J. Ellis"
3758;"Lawrence Wright"
3759;"Young Kim"
3760;"Samuel Taylor Coleridge"
3761;"H. Rider Haggard"
3762;"Samantha Shannon"
3763;"Jacqueline Susann"
3764;"Radwa Ashour"
3765;"Michael Rosen"
3766;"Peter F. Hamilton"
3767;"Thomas Rockwell"
3768;"Heather Gudenkauf"
3769;"David Herbert Donald"
3770;"Graham Greene"
3771;"Katie Ashley"
3772;"Patrick O'Brian"
3773;"Akira Toriyama"
3774;"Alastair Reynolds"
3775;"Rachel Renee Russell"
3776;"Kresley Cole"
3777;"Amy Plum"
3778;"Anne Morrow Lindbergh"
3779;"John Perkins"
3780;"Jorge Luis Borges"
3781;"Sejal Badani"
3782;"Amanda Coplin"
3783;"Mikhail Lermontov"
3784;"Edmund Morris"
3785;"M.M. Kaye"
3786;"Jasinda Wilder"
3787;"Donna VanLiere"
3788;"Rory Freedman"
3789;"Kristen Ashley"
3790;"Alice Schroeder"
3791;"Julie Garwood"
3792;"Betty Crocker"
3793;"Holly Goldberg Sloan"
3794;"Richard Connell"
3795;"Cory Doctorow"
3796;"Jalaluddin Rumi"
3797;"William R. Forstchen"
3798;"Helen Gardner"
3799;"Miranda July"
3800;"Jack Canfield"
3801;"Jane Yolen"
3802;"Alan Weisman"
3803;"Ami McKay"
3804;"Ingrid Law"
3805;"Bill Simmons"
3806;"name"
3807;"A.P.J. Abdul Kalam"
3808;"Nate Silver"
3809;"Gary Russell"
3810;"Olivia Cunning"
3811;"Marjorie Flack"
3812;"Simon Sinek"
3813;"Dorothy Allison"
3814;"Daniel Suarez"
3815;"Joy Adamson"
3816;"Alfred Bester"
3817;"Rosamund Hodge"
3818;"Shaun Tan"
3819;"name"
3820;"Claire Messud"
3821;"Augustine of Hippo"
3822;"Cathy Marie Buchanan"
3823;"Chanda Hahn"
3824;"Sarah Silverman"
3825;"Patricia Highsmith"
3826;"Christine Feehan"
3827;"Lauren Beukes"
3828;"Diane Ackerman"
3829;"Chris Hadfield"
3830;"Joanna Cole"
3831;"Daniel Abraham"
3832;"Bret Lott"
3833;"name"
3834;"Ellen Schreiber"
3835;"Adrian Conan Doyle"
3836;"Joshua Ferris"
3837;"Monica  Murphy"
3838;"Hisaya Nakajo"
3839;"Juliet Marillier"
3840;"Seth Godin"
3841;"Roland Barthes"
3842;"Andrew Davidson"
3843;"Elizabeth  Smart"
3844;"Michael Buckley"
3845;"Caragh M. O'Brien"
3846;"Derek Landy"
3847;"Andy Warhol"
3848;"B.J. Novak"
3849;"Nathan Filer"
3850;"Madeleine Roux"
3851;"John Piper"
3852;"Lauren Graham"
3853;"Becky Albertalli"
3854;"A.G. Howard"
3855;"Primo Levi"
3856;"Susan Vreeland"
3857;"William Steig"
3858;"Carolyn Jessop"
3859;"Stephen R. Donaldson"
3860;"Marcus Buckingham"
3861;"Thornton Wilder"
3862;"Emily Carroll"
3863;"Ayana Mathis"
3864;"Honore de Balzac"
3865;"Andrew Ross Sorkin"
3866;"Zoe Sugg"
3867;"Carol Ryrie Brink"
3868;"J.I. Packer"
3869;"Felix Salten"
3870;"Herodotus"
3871;"K. Bromberg"
3872;"Matthew Pearl"
3873;"Kimberly Derting"
3874;"Nancy Garden"
3875;"Jonathan Lethem"
3876;"Malorie Blackman"
3877;"Harriet Jacobs"
3878;"Kristen Proby"
3879;"T. Harv Eker"
3880;"Molly McAdams"
3881;"Julie Otsuka"
3882;"Jennifer McMahon"
3883;"Marina Keegan"
3884;"Paolo Giordano"
3885;"G. Willow Wilson"
3886;"Gennifer Choldenko"
3887;"Pamela Druckerman"
3888;"Megan Whalen Turner"
3889;"Sarah Winman"
3890;"Lang Leav"
3891;"Tom Franklin"
3892;"Rainer Maria Rilke"
3893;"Anna Banks"
3894;"Charles Baudelaire"
3895;"Pierre-Ambroise Choderlos de Laclos"
3896;"E. Nesbit"
3897;"Irwin Shaw"
3898;"Gilly Macmillan"
3899;"Sheri Reynolds"
3900;"Pat Frank"
3901;"Kazu Kibuishi"
3902;"Flannery O'Connor"
3903;"Lisa Scottoline"
3904;"Sister Souljah"
3905;"Shunryu Suzuki"
3906;"Han Kang"
3907;"Sam Harris"
3908;"Susane Colasanti"
3909;"Connie Willis"
3910;"Bryan Stevenson"
3911;"Brian L. Weiss"
3912;"Keith Ferrazzi"
3913;"Melina Marchetta"
3914;"Kimon Nicolaides"
3915;"Lorna Landvik"
3916;"Edward P. Jones"
3917;"James     Baldwin"
3918;"Yuu Watase"
3919;"Marcel Proust"
3920;"Don    Wood"
3921;"Daniel H. Wilson"
3922;"Sue Townsend"
3923;"Mike Carey"
3924;"Chloe Neill"
3925;"Naoki Higashida"
3926;"Janette Oke"
3927;"W.B. Yeats"
3928;"Barbara Shook Hazen"
3929;"Frederik Pohl"
3930;"Kerry Patterson"
3931;"Thomas Cahill"
3932;"Ruth Reichl"
3933;"William  Gibson"
3934;"Thomas Hobbes"
3935;"Sandra Brown"
3936;"Sloane Crosley"
3937;"Antonia Fraser"
3938;"Michelle Magorian"
3939;"Tabitha Suzuma"
3940;"Rob Thomas"
3941;"J.R. Moehringer"
3942;"Danny Sugerman"
3943;"Marguerite Henry"
3944;"Haven Kimmel"
3945;"A.L. Singer"
3946;"Guy Gavriel Kay"
3947;"Nora Ephron"
3948;"Brennan Manning"
3949;"Wilbur Smith"
3950;"Naomi Klein"
3951;"Gunter Grass"
3952;"Edith Hamilton"
3953;"Anna Dewdney"
3954;"Al Franken"
3955;"Leah Remini"
3956;"Eric Shanower"
3957;"Edith Hahn Beer"
3958;"Ree Drummond"
3959;"Julie Kibler"
3960;"Carrie Fisher"
3961;"Ron Rash"
3962;"Hampton Sides"
3963;"Marisa de los Santos"
3964;"Christopher Pike"
3965;"E.L. Doctorow"
3966;"David Weber"
3967;"Ben Goldacre"
3968;"Cherrie Lynn"
3969;"Ai Yazawa"
3970;"Joseph Delaney"
3971;"Plum Sykes"
3972;"Robert Cormier"
3973;"Teddy Slater"
3974;"Michael Punke"
3975;"Clayton M. Christensen"
3976;"Foundation for Inner Peace"
3977;"Wayne W. Dyer"
3978;"Jack Weatherford"
3979;"Theodore Dreiser"
3980;"Andrea Hirata"
3981;"Joanne Fluke"
3982;"Mitchell Zuckoff"
3983;"Sam Kean"
3984;"Clive Barker"
3985;"Bill Dedman"
3986;"Brother Lawrence"
3987;"Bob Goff"
3988;"Benjamin Graham"
3989;"Blanche Fisher Wright"
3990;"Anna Todd"
3991;"Tarryn Fisher"
3992;"Jon Kabat-Zinn"
3993;"Banana Yoshimoto"
3994;"Eric Van Lustbader"
3995;"Judith McNaught"
3996;"Jean-Jacques Rousseau"
3997;"Ernesto Sabato"
3998;"Alexander Hamilton"
3999;"Julie Anne Peters"
4000;"Sarah Blake"
4001;"Nic Sheff"
4002;"Daniel O'Malley"
4003;"Frank Beddor"
4004;"Joyce Maynard"
4005;"Ed Catmull"
4006;"Frida Kahlo"
4007;"Bob McCabe"
4008;"Jeff Shaara"
4009;"Michael Morpurgo"
4010;"Chelsea Cain"
4011;"Julianne Donaldson"
4012;"Kathleen Tessaro"
4013;"Tara Sivec"
4014;"Gabrielle Hamilton"
4015;"Lars Kepler"
4016;"Piers Anthony"
4017;"Tommy Lee"
4018;"Theo LeSieg"
4019;"Brynne Stephens"
4020;"Jenny Nimmo"
4021;"Glen Cook"
4022;"Susan Hill"
4023;"Barbara Robinson"
4024;"Aimee Carter"
4025;"Steven Johnson"
4026;"Anna Carey"
4027;"Susan Sontag"
4028;"Mary McGarry Morris"
4029;"Michio Kaku"
4030;"Karen Cushman"
4031;"Michel Faber"
4032;"Armistead Maupin"
4033;"Washington Irving"
4034;"Victoria Hislop"
4035;"Ian Rankin"
4036;"Marya Hornbacher"
4037;"William  Davis"
4038;"H.P. Lovecraft"
4039;"Mary  Stewart"
4040;"Neale Donald Walsch"
4041;"Felicia Day"
4042;"Matt Fraction"
4043;"Enid Blyton"
4044;"Larissa Ione"
4045;"Robert Hughes"
4046;"Ted Dekker"
4047;"Adam Hochschild"
4048;"Kanoko Sakurakouji"
4049;"Erin Watt"
4050;"Laurelin Paige"
4051;"Lene Kaaberbal"
4052;"D.B.C. Pierre"
4053;"Ntozake Shange"
4054;"Jennifer Close"
4055;"Stella Gibbons"
4056;"Rainer Metzger"
4057;"Chris Guillebeau"
4058;"Trevor Noah"
4059;"Theodore Taylor"
4060;"Justina Chen"
4061;"Carol Shields"
4062;"Beth Harbison"
4063;"Peter Haeg"
4064;"Julia Hoban"
4065;"Hillary Rodham Clinton"
4066;"Edmund de Waal"
4067;"Al Perkins"
4068;"Lissa Price"
4069;"Juan Rulfo"
4070;"Kelly Corrigan"
4071;"Heather Cocks"
4072;"Robert Charles Wilson"
4073;"Eugene O'Neill"
4074;"Kohta Hirano"
4075;"Noah Gordon"
4076;"Miyamoto Musashi"
4077;"Irvin D. Yalom"
4078;"Aristotle"
4079;"Kyle Idleman"
4080;"William Blake"
4081;"Stan Berenstain"
4082;"H.W. Janson"
4083;"Yukiru Sugisaki"
4084;"Karl Marlantes"
4085;"Jordan Belfort"
4086;"Dietrich Bonhoeffer"
4087;"Michelle Alexander"
4088;"Knut Hamsun"
4089;"Cristina Henriquez"
4090;"Brian Azzarello"
4091;"Sergei Lukyanenko"
4092;"Jenny Offill"
4093;"Susan Meissner"
4094;"Dalton Trumbo"
4095;"Pierre Boulle"
4096;"Belva Plain"
4097;"Henry T. Blackaby"
4098;"James Dickey"
4099;"Katsura Hoshino"
4100;"Ian Caldwell"
4101;"Rob Sheffield"
4102;"Legs McNeil"
4103;"Marybeth Mayhew Whalen"
4104;"Sarah Weeks"
4105;"Jim Carroll"
4106;"Lew Wallace"
4107;"Lolly Winston"
4108;"Madeline Sheehan"
4109;"Pam Adams"
4110;"Robert Bryndza"
4111;"Joss Whedon"
4112;"John Gardner"
4113;"James Gleick"
4114;"Kurt Busiek"
4115;"Suzanne Young"
4116;"Jennifer Echols"
4117;"Philipp Meyer"
4118;"Bryn Greenwood"
4119;"Laura Schroff"
4120;"Rhoda Janzen"
4121;"Ruud van der Rol"
4122;"Gary Larson"
4123;"Pema Chedren"
4124;"Daisy Goodwin"
4125;"Al Dempster"
4126;"Andy Goldsworthy"
4127;"Denis Johnson"
4128;"Katherine Neville"
4129;"Jean Webster"
4130;"Edith Pattou"
4131;"James Bowen"
4132;"Eric    Weiner"
4133;"Tracy Brogan"
4134;"Richard J. Foster"
4135;"Muriel Spark"
4136;"Megan McCafferty"
4137;"Richard Peck"
4138;"Ben Mezrich"
4139;"Mariko Tamaki"
4140;"Nikki Sixx"
4141;"Paul Harding"
4142;"Penelope Ward"
4143;"Alan Lightman"
4144;"Andrew Williamson"
4145;"Amy Harmon"
4146;"Vikas Swarup"
4147;"Donald J. Sobol"
4148;"C.J. Sansom"
4149;"Lisi Harrison"
4150;"Elizabeth Kolbert"
4151;"Ben Fountain"
4152;"Lian Hearn"
4153;"Ronald H. Balson"
4154;"Iris Johansen"
4155;"Rachael Ray"
4156;"James L. Swanson"
4157;"Mark  Edwards"
4158;"Michelle Moran"
4159;"David McRaney"
4160;"Sara Donati"
4161;"Aeschylus"
4162;"Ildefonso Falcones"
4163;"The Church of Jesus Christ of Latter-day Saints"
4164;"Rachel Vincent"
4165;"Brodi Ashton"
4166;"G. Norman Lippert"
4167;"Brother Andrew"
4168;"J. Courtney Sullivan"
4169;"Meg Rosoff"
4170;"Dawn J. Ranck"
4171;"Lili St. Crow"
4172;"Malika Oufkir"
4173;"Kim Carpenter"
4174;"Megan Miranda"
4175;"Mercer Mayer"
4176;"Tijan"
4177;"Jeno Barcsay"
4178;"John Saul"
4179;"Jean Sasson"
4180;"Joseph Murphy"
4181;"Esther Forbes"
4182;"Ernesto Che Guevara"
4183;"N.K. Jemisin"
4184;"Roberto Bolano"
4185;"Stefan Zweig"
4186;"Justine Korman Fontes"
4187;"Jeanne Birdsall"
4188;"Sally Bedell Smith"
4189;"John Layman"
4190;"Arkady Strugatsky"
4191;"P.G. Wodehouse"
4192;"Amanda Palmer"
4193;"Chris   Smith"
4194;"Elizabeth  George"
4195;"Arturo Parez-Reverte"
4196;"Douglas Coupland"
4197;"Viet Thanh Nguyen"
4198;"Joanna Wylde"
4199;"Mary O'Hara"
4200;"Walt Disney Company"
4201;"Caroline Myss"
4202;"Beatriz Williams"
4203;"Gary D. Schmidt"
4204;"Judy Schachner"
4205;"Brian Tracy"
4206;"Sandra Boynton"
4207;"Wallace D. Wattles"
4208;"A. Manette Ansay"
4209;"David Brin"
4210;"Shelly Crane"
4211;"Robert   Harris"
4212;"Bertrand Russell"
4213;"Nigella Lawson"
4214;"Thomas Malory"
4215;"Cupcake Brown"
4216;"Kate Douglas Wiggin"
4217;"Anton Chekhov"
4218;"S.C. Gwynne"
4219;"Karen Kingsbury"
4220;"Jennifer Donnelly"
4221;"Dorothy L. Sayers"
4222;"Robert Sabuda"
4223;"Ross King"
4224;"Noel Streatfeild"
4225;"Harry Gregson-Williams"
4226;"Carolyn Brown"
4227;"E.E. Cummings"
4228;"Sara Raasch"
4229;"Matthew  Thomas"
4230;"Mary Pipher"
4231;"Kate Brian"
4232;"Russell Hoban"
4233;"Max Barry"
4234;"Cece Bell"
4235;"Jude Deveraux"
4236;"Jonathan Maberry"
4237;"Charles R. Cross"
4238;"Thucydides"
4239;"Richard Kadrey"
4240;"John Hart"
4241;"Tim Harford"
4242;"Drew Daywalt"
4243;"Katie J. Davis"
4244;"Kathleen Kent"
4245;"Thomas Mann"
4246;"Patricia Reilly Giff"
4247;"Heather Brewer"
4248;"Barry Schwartz"
4249;"Annette Curtis Klause"
4250;"Alexander Osterwalder"
4251;"Stephen Greenblatt"
4252;"Margaret George"
4253;"Norman Doidge"
4254;"Barry Lyga"
4255;"J. Ryan Stradal"
4256;"Ann McGovern"
4257;"Alaa Al Aswany"
4258;"Brian  McClellan"
4259;"Koren Zailckas"
4260;"Bree Despain"
4261;"Bill Buford"
4262;"Clarissa Pinkola Estos"
4263;"Chris Anderson"
4264;"Adolf Hitler"
4265;"Aleatha Romig"
4266;"Sean Covey"
4267;"Tom Angleberger"
4268;"Thanhha Lai"
4269;"Jude Fisher"
4270;"Guy Kawasaki"
4271;"Wes  Moore"
4272;"Ariana Franklin"
4273;"Ruth Stiles Gannett"
4274;"Greg Iles"
4275;"Jay McInerney"
4276;"Syd Hoff"
4277;"Giovanni Boccaccio"
4278;"Alice Munro"
4279;"Eileen Christelow"
4280;"Rachel Van Dyken"
4281;"Lilian Jackson Braun"
4282;"Nyrae Dawn"
4283;"Courtney Cole"
4284;"Neil Patrick Harris"
4285;"Josh McDowell"
4286;"Cherie Priest"
4287;"Rita Mae Brown"
4288;"Marianne Williamson"
4289;"Charles Portis"
4290;"Susan  Jeffers"
4291;"Matthew Dicks"
4292;"Susan Crandall"
4293;"Brian Staveley"
4294;"Monica Ali"
4295;"Sally Green"
4296;"Nikos Kazantzakis"
4297;"William H. Armstrong"
4298;"Lawrence M. Krauss"
4299;"Slash"
4300;"Rachel Carson"
4301;"Holly Madison"
4302;"Nadia Hashimi"
4303;"Martha Stout"
4304;"Charles Belfoure"
4305;"Morgan Rhodes"
4306;"Esther Hicks"
4307;"Henry Fielding"
4308;"Sherwood Anderson"
4309;"Matthew Inman"
4310;"Diana L. Paxson"
4311;"Per Petterson"
4312;"Doug Moench"
4313;"Brad Thor"
4314;"John Fante"
4315;"Rick Bragg"
4316;"Leigh Nichols"
4317;"Stephen Coonts"
4318;"Enid Bagnold"
4319;"Richard Branson"
4320;"Aristophanes"
4321;"Peter Clines"
4322;"Scott Jurek"
4323;"T.C. Boyle"
4324;"Eugene B. Sledge"
4325;"Eleanor Estes"
4326;"Meredith Wild"
4327;"Kass Morgan"
4328;"Karma Wilson"
4329;"Greg Bear"
4330;"name"
4331;"Glennon Doyle Melton"
4332;"Richard Paul Evans"
4333;"W.E.B. Du Bois"
4334;"Hannah  Green"
4335;"Shonda Rhimes"
4336;"Marguerite Duras"
4337;"Stephanie Danler"
4338;"Edward Bloor"
4339;"Bryan Burrough"
4340;"David Fishelson"
4341;"Rysa Walker"
4342;"Catherynne M. Valente"
4343;"Denise Grover Swank"
4344;"Timur Vermes"
4345;"Chris Pavone"
4346;"Kevin Powers"
4347;"Gerald Durrell"
4348;"Tawni O'Dell"
4349;"Quinn Loftis"
4350;"Emily Snow"
4351;"Claire LaZebnik"
4352;"Richard Condon"
4353;"Shane Claiborne"
4354;"John Medina"
4355;"Richard C. Morais"
4356;"Lincoln Peirce"
4357;"Tim Burton"
4358;"Edwidge Danticat"
4359;"Louis-Ferdinand Celine"
4360;"Matt Haig"
4361;"Essam Youssef"
4362;"Shaunti Feldhahn"
4363;"Lynsay Sands"
4364;"Matthew Reilly"
4365;"Adam Smith"
4366;"Richard Ford"
4367;"Antony Beevor"
4368;"Kyousuke Motomi"
4369;"Beryl Markham"
4370;"Steven Galloway"
4371;"Betty White"
4372;"Rene Descartes"
4373;"James Surowiecki"
4374;"James Herbert"
4375;"Roz Chast"
4376;"Marilyn Manson"
4377;"BookRags"
4378;"Bernard Waber"
4379;"Rob Bell"
4380;"Beverly  Lewis"
4381;"Anne Bishop"
4382;"Nicholas Meyer"
4383;"Jonathan Harr"
4384;"Sonia Sotomayor"
4385;"Immanuel Kant"
4386;"Rien Poortvliet"
4387;"Hester Browne"
4388;"John Stuart Mill"
4389;"Alan Cumming"
4390;"D.M. Pulley"
4391;"Jill Shalvis"
4392;"Rebecca Housel"
4393;"Eric Berne"
4394;"Alexandre Dumas fils"
4395;"Rachel Hauck"
4396;"Stephen C. Lundin"
4397;"Vi Keeland"
4398;"Philip Jose Farmer"
4399;"Mark Helprin"
4400;"Thomas Paine"
4401;"Adeline Yen Mah"
4402;"Michel Houellebecq"
4403;"Roy Thomas"
4404;"Dav Pilkey"
4405;"Paul Tough"
4406;"Scott B. Smith"
4407;"Michael Blake"
4408;"Ellis Peters"
4409;"Giorgio Vasari"
4410;"Dmitry Glukhovsky"
4411;"Christos Tsiolkas"
4412;"Robert Henri"
4413;"Marcus Sakey"
4414;"Camille Pagan"
4415;"Caroline Preston"
4416;"Myla Goldberg"
4417;"Ram Dass"
4418;"Conn Iggulden"
4419;"Brad Stone"
4420;"Brittainy C. Cherry"
4421;"Heidi McLaughlin"
4422;"Ashwin Sanghi"
4423;"Norman Mailer"
4424;"James M. McPherson"
4425;"Michael Teitelbaum"
4426;"Rob Buyea"
4427;"Lindsey Kelk"
4428;"Beth Fantaskey"
4429;"Larry Bossidy"
4430;"Caitlin Doughty"
4431;"Simon Wood"
4432;"Grace Lin"
4433;"Arthur Ransome"
4434;"Mary Kay Andrews"
4435;"S.K. Tremayne"
4436;"Michael Moss"
4437;"Edward Eager"
4438;"Steve Hockensmith"
4439;"Helene Hanff"
4440;"Thich Nhat Hanh"
4441;"Anna Kendrick"
4442;"Robert Masello"
4443;"Jim Starlin"
4444;"Lisa Lutz"
4445;"James E. Talmage"
4446;"Don Ferguson"
4447;"Paul Beatty"
4448;"Jenna Miscavige Hill"
4449;"Diane Muldrow"
4450;"John Heilemann"
4451;"Joni Eareckson Tada"
4452;"Shakti Gawain"
4453;"Anya Seton"
4454;"Marina Lewycka"
4455;"Rene Goscinny"
4456;"Harold G. Moore"
4457;"Mike Lupica"
4458;"Neil Strauss"
4459;"Debbie Macomber"
4460;"Jun Mochizuki"
4461;"Kathryn Erskine"
4462;"name"
4463;"Joshua Harris"
4464;"Zilpha Keatley Snyder"
4465;"Kaye Gibbons"
4466;"Isa Chandra Moskowitz"
4467;"Sabahattin Ali"
4468;"Charles M. Sheldon"
4469;"Elissa Wall"
4470;"Ed Brubaker"
4471;"Ben Horowitz"
4472;"Russell Brand"
4473;"Simon Garfield"
4474;"R.D. Ronald"
4475;"John Katzenbach"
4476;"Kevin    Wilson"
4477;"Chris Gardner"
4478;"Karl Ove Knausgurd"
4479;"Walker Percy"
4480;"Wendy Mass"
4481;"Grant Naylor"
4482;"G.K. Chesterton"
4483;"Jane O'Connor"
4484;"Dee Henderson"
4485;"Tobias Wolff"
4486;"Moliere"
4487;"Kazune Kawahara"
4488;"David D. Burns"
4489;"Melody Beattie"
4490;"Ivan Goncharov"
4491;"Po Bronson"
4492;"Chris Ware"
4493;"Matt Ridley"
4494;"Phil Klay"
4495;"James M. Cain"
4496;"Robert Kurson"
4497;"Clare Vanderpool"
4498;"Amitav Ghosh"
4499;"Jessica Anthony"
4500;"Naguib Mahfouz"
4501;"Rachel Simon"
4502;"Allen Say"
4503;"Melinda Long"
4504;"Linda Howard"
4505;"Mira Lyn Kelly"
4506;"Linwood Barclay"
4507;"Katherine Hannigan"
4508;"Aldo Leopold"
4509;"Eric Knight"
4510;"T. Colin Campbell"
4511;"Julia Donaldson"
4512;"Sui Ishida"
4513;"Cressida Cowell"
4514;"Lauren Conrad"
4515;"Paul Bowles"
4516;"Lily Koppel"
4517;"Frank B. Gilbreth Jr."
4518;"Daniel Woodrell"
4519;"Jessica Seinfeld"
4520;"Philip Gourevitch"
4521;"Jonathan Cahn"
4522;"L.A. Weatherly"
4523;"Bryan J.L. Glass"
4524;"Julio Cortezar"
4525;"Eric Clapton"
4526;"Ted Chiang"
4527;"Mario Vargas Llosa"
4528;"Heidi W. Durrow"
4529;"Habiburrahman El-Shirazy"
4530;"Chris Grabenstein"
4531;"David Wiesner"
4532;"Mercedes Lackey"
4533;"Courtney Allison Moulton"
4534;"Marjorie Kinnan Rawlings"
4535;"Ozzy Osbourne"
4536;"J. Maarten Troost"
4537;"Bill Clegg"
4538;"Elisabeth Kobler-Ross"
4539;"Jesmyn Ward"
4540;"Kristen Callihan"
4541;"Natasha Preston"
4542;"Scott  Meyer"
4543;"name"
4544;"Jacqueline Kelly"
4545;"Katie Alender"
4546;"David Mazzucchelli"
4547;"Danny Gregory"
4548;"Michel Foucault"
4549;"Arina Tanemura"
4550;"Amy A. Bartol"
4551;"Joe McGinniss"
4552;"Sudhir Venkatesh"
4553;"Laline Paull"
4554;"Elizabeth George"
4555;"Ann Leary"
4556;"Rudolfo Anaya"
4557;"Alessandro Baricco"
4558;"Belle Aurora"
4559;"Jillian Dodd"
4560;"Kate Alcott"
4561;"Ken Grimwood"
4562;"David Eagleman"
4563;"Neil deGrasse Tyson"
4564;"Paul Zindel"
4565;"Lincoln Child"
4566;"Kerrelyn Sparks"
4567;"Robert Muchamore"
4568;"Sarah Simblet"
4569;"Simon Singh"
4570;"Aurora Rose Reynolds"
4571;"Angela Carter"
4572;"Simon Schama"
4573;"Michelle Knight"
4574;"Jasmine Warga"
4575;"Kim Gordon"
4576;"D.C. Talk"
4577;"Brunonia Barry"
4578;"Anchee Min"
4579;"H.M. Ward"
4580;"George MacDonald"
4581;"A.S. King"
4582;"Simone de Beauvoir"
4583;"Elaine N. Aron"
4584;"Chitra Banerjee Divakaruni"
4585;"H.W. Brands"
4586;"Yoshihiro Togashi"
4587;"Lucy Grealy"
4588;"Kingsley Amis"
4589;"Jeff Hobbs"
4590;"Li Cunxin"
4591;"C.G. Jung"
4592;"name"
4593;"Founding Fathers"
4594;"Gilles Neret"
4595;"Malcolm Lowry"
4596;"Rachel Abbott"
4597;"Mary Pope Osborne"
4598;"Kate Beaton"
4599;"Ann Packer"
4600;"Sogyal Rinpoche"
4601;"Pat Barker"
4602;"Michael J. Fox"
4603;"John Joseph Adams"
4604;"Gigi Levangie Grazer"
4605;"Sinclair Lewis"
4606;"Catherine Gilbert Murdock"
4607;"Erika Swyler"
4608;"Frederick Franck"
4609;"Kristen Britain"
4610;"Helen Oyeyemi"
4611;"David  Brooks"
4612;"Thomas S. Kuhn"
4613;"Andrea Levy"
4614;"Peter M. Senge"
4615;"Arthur Koestler"
4616;"Jaci Burton"
4617;"Jack Campbell"
4618;"Lois McMaster Bujold"
4619;"Elizabeth Flock"
4620;"Malinda Lo"
4621;"Diane Arbus"
4622;"Carolyn Mackler"
4623;"Leo Lionni"
4624;"Camron Wright"
4625;"Harvey Karp"
4626;"Dee Lestari"
4627;"Dallas Hartwig"
4628;"Ted Kerasote"
4629;"Elizabeth Chandler"
4630;"Marshall Goldsmith"
4631;"Kwame Alexander"
4632;"Alan Hollinghurst"
4633;"Peter F. Drucker"
4634;"Kieron Gillen"
4635;"Tetsuko Kuroyanagi"
4636;"Roger Lowenstein"
4637;"Natalie Goldberg"
4638;"Julietta Suzuki"
4639;"Aron Ralston"
4640;"David Gemmell"
4641;"Sheila Turnage"
4642;"Avery Monsen"
4643;"Johnny Cash"
4644;"Isak Dinesen"
4645;"Robert Crais"
4646;"Marieke Nijkamp"
4647;"Steven Pinker"
4648;"Zane"
4649;"Kristen Simmons"
4650;"Randy Shilts"
4651;"Jordan Sonnenblick"
4652;"John Banville"
4653;"L.E. Modesitt Jr."
4654;"Ben H. Winters"
4655;"George R. Stewart"
4656;"Thea Harrison"
4657;"Diane Mowat"
4658;"Jerry Bridges"
4659;"Anne Rivers Siddons"
4660;"Eric S. Nylund"
4661;"Frank De Felitta"
4662;"Nathan  Hill"
4663;"J. Sheridan Le Fanu"
4664;"K.A. Linde"
4665;"Craig Ferguson"
4666;"Sarah MacLean"
4667;"Charlotte Rogan"
4668;"Henryk Sienkiewicz"
4669;"Amy Ewing"
4670;"Chris d'Lacey"
4671;"Deborah Guarino"
4672;"Jacob Tomsky"
4673;"Tony Horwitz"
4674;"Robert Descharnes"
4675;"Laura Dave"
4676;"Lori Lansens"
4677;"Wiley Cash"
4678;"Ann M. Martin"
4679;"Roland Smith"
4680;"Sheri  Fink"
4681;"Guy de Maupassant"
4682;"Norman Maclean"
4683;"Maria Duenas"
4684;"Kristan Higgins"
4685;"Deborah Blum"
4686;"Elizabeth Scott"
4687;"Elisabeth Elliot"
4688;"name"
4689;"Gail Tsukiyama"
4690;"Sally   Thorne"
4691;"Julia Heaberlin"
4692;"Penny Reid"
4693;"Akira Amano"
4694;"Alton Brown"
4695;"Amy Tintera"
4696;"Carrie Brownstein"
4697;"Pearl Cleage"
4698;"The Arbinger Institute"
4699;"Paula Brackston"
4700;"Katarina Bivald"
4701;"Christian Lander"
4702;"Heather Dixon"
4703;"Rachel Dratch"
4704;"Willy Lindwer"
4705;"Deborah Rodriguez"
4706;"name"
4707;"Ben Mikaelsen"
4708;"Rachel Kushner"
4709;"Deborah Feldman"
4710;"Gary Vaynerchuk"
4711;"Lloyd C. Douglas"
4712;"Anton DiSclafani"
4713;"Gavin de Becker"
4714;"Willard F. Harley Jr."
4715;"Kelly Creagh"
4716;"Sadegh Hedayat"
4717;"Eric Litwin"
4718;"R.L. Stine"
4719;"Melinda Haynes"
4720;"Danielle Steel"
4721;"Fisher Amelie"
4722;"Allison Pearson"
4723;"Becky  Chambers"
4724;"Jennifer Lynn Barnes"
4725;"Carol Tavris"
4726;"T.R. Ragan"
4727;"Gina Mayer"
4728;"Jill Bolte Taylor"
4729;"Iain Pears"
4730;"Donny Dhirgantoro"
4731;"Geoffrey A. Moore"
4732;"Peach-Pit"
4733;"Neil Shubin"
4734;"Bob Ong"
4735;"Loung Ung"
4736;"Owen  West"
4737;"Stephen M.R. Covey"
4738;"Betty Mahmoody"
4739;"Joseph Kesselring"
4740;"Darcie Chan"
4741;"Jon Lee Anderson"
4742;"Verna Aardema"
4743;"Rebecca Solnit"
4744;"Alfred Uhry"
4745;"Allan Pease"
4746;"Farley Mowat"
4747;"Cook's Illustrated Magazine"
4748;"Laura C. Schlessinger"
4749;"Fabio Moon"
4750;"Cherise Sinclair"
4751;"Brit Bennett"
4752;"Maxine Hong Kingston"
4753;"Masha"
4754;"Taylor Jenkins Reid"
4755;"Larry Correia"
4756;"Christopher Isherwood"
4757;"A. Meredith Walters"
4758;"Joseph Fink"
4759;"Julie   Murphy"
4760;"Gina L. Maxwell"
4761;"Eve Ensler"
4762;"Barbara Delinsky"
4763;"Susan Mallery"
4764;"Sylvain Neuvel"
4765;"Olivia Goldsmith"
4766;"Maggie O'Farrell"
4767;"Yoko Ogawa"
4768;"Niall Ferguson"
4769;"Denise Kiernan"
4770;"Mark Dunn"
4771;"Paul Tremblay"
4772;"Rita Williams-Garcia"
4773;"Jason F. Wright"
4774;"Blue Balliett"
4775;"Paulo Freire"
4776;"Ian Doescher"
4777;"Brad Meltzer"
4778;"Sarah Rees Brennan"
4779;"Bryan Konietzko"
4780;"Catherine McKenzie"
4781;"Margaret Sidney"
4782;"Jessica Day George"
4783;"Barbara Cooney"
4784;"Jim Bouton"
4785;"Carlos Fuentes"
4786;"Harriet Lerner"
4787;"Burton G. Malkiel"
4788;"Kelly Elliott"
4789;"Julie Klassen"
4790;"Michelle A. Valentine"
4791;"Claire Huchet Bishop"
4792;"C.S. Pacat"
4793;"Ridley Pearson"
4794;"Paul Murray"
4795;"Jessica Shirvington"
4796;"Tony Kushner"
4797;"Dorothy Koomson"
4798;"John Keats"
4799;"Joseph Boyden"
4800;"Khushwant Singh"
4801;"Craig Silvey"
4802;"Michael A. Singer"
4803;"Marlon James"
4804;"Nina LaCour"
4805;"Jami Attenberg"
4806;"Thomas Piketty"
4807;"Kay Thompson"
4808;"Peter Carey"
4809;"Elmore Leonard"
4810;"Nathanael West"
4811;"Keri Arthur"
4812;"John Darnielle"
4813;"Ori Brafman"
4814;"Iris Chang"
4815;"Jerry A. Coyne"
4816;"Jen Sincero"
4817;"Jill Mansell"
4818;"Nicky Charles"
4819;"Kurtis J. Wiebe"
4820;"Edan Lepucki"
4821;"Stephen Briggs"
4822;"Chuck Wendig"
4823;"Jennifer Chiaverini"
4824;"Safiy al-Rahman al-Mubarakfuri"
4825;"Sarah McCoy"
4826;"Trina Schart Hyman"
4827;"Martin Pistorius"
4828;"Greg McKeown"
4829;"Lisa Renee Jones"
4830;"L.A. Fiore"
4831;"Sandi Lynn"
4832;"Dorothy Kunhardt"
4833;"Dian Fossey"
4834;"Jeffery Hudson"
4835;"Adelle Waldman"
4836;"Matthew Norman"
4837;"Linda Castillo"
4838;"Cornelius Ryan"
4839;"C.J. Redwine"
4840;"Taylor Caldwell"
4841;"Mariana Zapata"
4842;"Joseph Wambaugh"
4843;"Kelly McGonigal"
4844;"Alain de Botton"
4845;"Heinrich Bull"
4846;"Laura McHugh"
4847;"John Buchan"
4848;"Peter Watts"
4849;"Nick Offerman"
4850;"Alexis de Tocqueville"
4851;"Erica Bauermeister"
4852;"Roddy Doyle"
4853;"Martin Amis"
4854;"Chris Ryall"
4855;"Brian Herbert"
4856;"Joseph O'Neill"
4857;"Alan Bennett"
4858;"Steve Niles"
4859;"Fritjof Capra"
4860;"Kathryn Croft"
4861;"Elizabeth Eulberg"
4862;"Renee Knight"
4863;"Hiroyuki Takei"
4864;"Andrew  Smith"
4865;"Jack Finney"
4866;"Melvin Burgess"
4867;"Keigo Higashino"
4868;"Jenny McCarthy"
4869;"William Zinsser"
4870;"Thomas A. Harris"
4871;"Jane Werner Watson"
4872;"S.A. Bodeen"
4873;"Boris Vian"
4874;"Kimberly Lauren"
4875;"Martin Heidegger"
4876;"Jonathan Kozol"
4877;"Charlie Higson"
4878;"Kenneth Oppel"
4879;"Thomas Tryon"
4880;"Colin Meloy"
4881;"Daniel Tammet"
4882;"Conor Grennan"
4883;"Kaui Hart Hemmings"
4884;"Natsumi Ando"
4885;"Faith Hunter"
4886;"Craig Johnson"
4887;"Sherwood Smith"
4888;"Victoria Kann"
4889;"Ilsa J. Bick"
4890;"Tillie Cole"
4891;"Julee Rosso"
4892;"Keri Hulme"
4893;"Michelle Paver"
4894;"Gavin Extence"
4895;"J.G. Ballard"
4896;"K.R. Dwyer"
4897;"Jeffrey Toobin"
4898;"Sarah Jio"
4899;"Kyung-Sook Shin"
4900;"Brian Michael Bendis"
4901;"Booker T. Washington"
4902;"Laura Kaye"
4903;"Gertrude Crampton"
4904;"Robert Fulghum"
4905;"Sarah Macdonald"
4906;"Lisa Jewell"
4907;"Yoko Kamio"
4908;"Steven Levy"
4909;"Linda Kage"
4910;"David Small"
4911;"Ellis Avery"
4912;"Tomoko Hayakawa"
4913;"Jerzy Kosinski"
4914;"Jonathan Haidt"
4915;"Ilya Ilf"
4916;"Megan Abbott"
4917;"Alison Croggon"
4918;"Simon R. Green"
4919;"The Beatles"
4920;"Christopher  Ryan"
4921;"Annette Pollert"
4922;"Vera B. Williams"
4923;"Kiyoko Arai"
4924;"Whitney G."
4925;"Jen Hatmaker"
4926;"Sharon Kay Penman"
4927;"Byron Katie"
4928;"Sid Fleischman"
4929;"Drew Karpyshyn"
4930;"Elizabeth  Hall"
4931;"Brigid Kemmerer"
4932;"Richard Rhodes"
4933;"Richard Koch"
4934;"Katsuhiro Otomo"
4935;"Julie Maroh"
4936;"Tachibana Higuchi"
4937;"William Least Heat-Moon"
4938;"Spencer W. Kimball"
4939;"Anne Fortier"
4940;"Gerard Way"
4941;"Jessica Livingston"
4942;"Lacey Weatherford"
4943;"Scott Sigler"
4944;"Leila Sales"
4945;"Gloria Naylor"
4946;"Petra Durst-Benning"
4947;"Maggie Shipstead"
4948;"Scott Pratt"
4949;"Irving Shulman"
4950;"Leonard Mlodinow"
4951;"Steve Krug"
4952;"Lindy West"
4953;"Harper Sloan"
4954;"Jim Kjelgaard"
4955;"Jaclyn Moriarty"
4956;"Karl Weber"
4957;"Catherine Coulter"
4958;"James Lee Burke"
4959;"Thomas a Kempis"
4960;"Peter Shaffer"
4961;"Sam Smith"
4962;"John Ortberg"
4963;"Janice Y.K. Lee"
4964;"Livia E. Bitton-Jackson"
4965;"Roy F. Baumeister"
4966;"Ford Madox Ford"
4967;"J.L. Bourne"
4968;"Robin Furth"
4969;"Stephen Fry"
4970;"John Corey Whaley"
4971;"Shiv Khera"
4972;"Leil Lowndes"
4973;"Gosho Aoyama"
4974;"Joshilyn Jackson"
4975;"L.A. Meyer"
4976;"Phil Knight"
4977;"Paul Pilkington"
4978;"Andrew Loomis"
4979;"Tim Winton"
4980;"Jack Ketchum"
4981;"Natsuo Kirino"
4982;"Philippa Pearce"
4983;"Kevin Stein"
4984;"David  Perlmutter"
4985;"Annie Dillard"
4986;"Daron Acemoglu"
4987;"Marti Olsen Laney"
4988;"Kathryn Lasky"
4989;"Gary Taubes"
4990;"John M. Barry"
4991;"Paul Hattaway"
4992;"Saul Bellow"
4993;"Tim Johnston"
4994;"Kentaro Yabuki"
4995;"Martha Stewart"
4996;"E.D. Baker"
4997;"Reginald Rose"
4998;"Anne Enright"
4999;"Tori Spelling"
5000;"Julia Scheeres"
5001;"Angela Marsons"
5002;"Jerry Pinkney"
5003;"Langston Hughes"
5004;"QuinRose"
5005;"Michael Moorcock"
5006;"Caroline Alexander"
5007;"Jay McLean"
5008;"Lin-Manuel Miranda"
5009;"Janet Briggs"
5010;"Brian Lumley"
5011;"Truddi Chase"
5012;"Robison Wells"
5013;"Amy Efaw"
5014;"Mhairi McFarlane"
5015;"Kevin D. Mitnick"
5016;"Julianna Baggott"
5017;"Robin Oliveira"
5018;"Diane Duane"
5019;"Robert Graysmith"
5020;"Graeme Base"
5021;"Elizabeth   Hunter"
5022;"Leslie Feinberg"
5023;"Amy  Stewart"
5024;"Helen Marion Palmer"
5025;"Dean Karnazes"
5026;"Alexandra Potter"
5027;"Rajaa Alsanea"
5028;"Carrie Vaughn"
5029;"Ha Jin"
5030;"Judith Guest"
5031;"Dylan Thomas"
5032;"Ben Avery"
5033;"Peter  May"
5034;"Jerome Lawrence"
5035;"Tony Hawks"
5036;"Gary Jennings"
5037;"Charlie Jane Anders"
5038;"Amanda Knox"
5039;"Jean Ferris"
5040;"J.J. Abrams"
5041;"Heather O'Neill"
5042;"Omar Khayyum"
5043;"Richard A. Knaak"
5044;"Carolyn  Parkhurst"
5045;"Ina May Gaskin"
5046;"Melissa Miller"
5047;"Ambrose Bierce"
5048;"Katherine Allred"
5049;"Dale Brown"
5050;"Miriam Toews"
5051;"Charles Stross"
5052;"Sara Novic"
5053;"Rachel Maddow"
5054;"Don Winslow"
5055;"Stephanie Dray"
5056;"Cynthia Kadohata"
5057;"Preeti Shenoy"
5058;"Steven Naifeh"
5059;"Thomas  Moore"
5060;"Laurie Notaro"
5061;"Alice McDermott"
5062;"Michael Thomas Ford"
5063;"Elizabeth Ross"
5064;"Mike Mullin"
5065;"Kim Holden"
5066;"Trinka Hakes Noble"
5067;"Dorothy Gilman"
5068;"Karen Miller"
5069;"Christiane F."
5070;"John             Lewis"
5071;"Hugh Laurie"
5072;"R.K. Narayan"
5073;"Mark Manson"
5074;"James Grady"
5075;"Jeff Hertzberg"
5076;"V.S. Naipaul"
5077;"John Locke"
5078;"Nicholas Carr"
5079;"Natasha Solomons"
5080;"Martin Luther King Jr."
5081;"Mineko Iwasaki"
5082;"Howard E. Wasdin"
5083;"Jana Aston"
5084;"J.D. Horn"
5085;"Gordon B. Hinckley"
5086;"Helena Hunting"
5087;"Irin Carmon"
5088;"Jennifer Estep"
5089;"John Galsworthy"
5090;"Laurie Faria Stolarz"
5091;"George Carlin"
5092;"Firoozeh Dumas"
5093;"John P. Kotter"
5094;"Gene Wolfe"
5095;"Georgette Heyer"
5096;"Friedrich A. Hayek"
5097;"Marko Kloos"
5098;"William Pene du Bois"
5099;"Donald A. Norman"
5100;"Cathy Glass"
5101;"Joanna Weaver"
5102;"Laura Lippman"
5103;"Leslye Walton"
5104;"Joanna Trollope"
5105;"Anna Lee Waldo"
5106;"Gemma Malley"
5107;"Obert Skye"
5108;"Stephen E. Robinson"
5109;"Loreth Anne White"
5110;"Karen Chance"
5111;"Lori Brighton"
5112;"Deb Perelman"
5113;"J. Michael Straczynski"
5114;"John Foxe"
5115;"Rachel Gibson"
5116;"Michael Dorris"
5117;"Seanan McGuire"
5118;"Robert Lynn Asprin"
5119;"Elizabeth Reyes"
5120;"Simon Kuper"
5121;"Lurlene McDaniel"
5122;"Sandy   Hall"
5123;"John Verdon"
5124;"James L. Ferrell"
5125;"Betty Friedan"
5126;"name"
5127;"Meg Jay"
5128;"David Colbert"
5129;"Peter H. Reynolds"
5130;"name"
5131;"Jon Klassen"
5132;"Denis Leary"
5133;"Francoise Sagan"
5134;"Corban Addison"
5135;"John Steakley"
5136;"Jacqueline Wilson"
5137;"Evan Wright"
5138;"Hope Jahren"
5139;"Patricia Gaffney"
5140;"Emmy Laybourne"
5141;"Teri Terry"
5142;"Pramoedya Ananta Toer"
5143;"Lorrie Moore"
5144;"Rebecca Forster"
5145;"Kevin Wignall"
5146;"Ed Emberley"
5147;"Jinsei Kataoka"
5148;"Linda Lafferty"
5149;"Robert Harling"
5150;"David Axton"
5151;"Caralyn Buehner"
5152;"Alessandra Torre"
5153;"David Farland"
5154;"Suzanne Rindell"
5155;"Alan Dean Foster"
5156;"J.M. Darhower"
5157;"Sara Pennypacker"
5158;"Cassie Dandridge Selleck"
5159;"Geoff Colvin"
5160;"George C. Perry"
5161;"Pepper Winters"
5162;"Martin Sixsmith"
5163;"Jim Benton"
5164;"Liz Murray"
5165;"Tony Parsons"
5166;"Miranda Beverly-Whittemore"
5167;"John Gribbin"
5168;"F. Paul Wilson"
5169;"David A. Vise"
5170;"Hans Fallada"
5171;"Alwyn Hamilton"
5172;"Gerald N. Lund"
5173;"Steven  Rowley"
5174;"Louise Doughty"
5175;"Stephanie Evanovich"
5176;"Eiji Yoshikawa"
5177;"Matthew      Lewis"
5178;"Arnaldur Indridason"
5179;"Lynda Mullaly Hunt"
5180;"Jim Cymbala"
5181;"Megan Shepherd"
5182;"Lucy Knisley"
5183;"Lambert M. Surhone"
5184;"Shayla Black"
5185;"Gloria Steinem"
5186;"Scott Belsky"
5187;"Rory Stewart"
5188;"Sharon Guskin"
5189;"Rod Campbell"
5190;"Hannah Harrington"
5191;"M.J. Arlidge"
5192;"Kitty French"
5193;"Vaddey Ratner"
5194;"Jack Gantos"
5195;"Ralph Waldo Emerson"
5196;"Adele Faber"
5197;"Joseph Stein"
5198;"Sydney Taylor"
5199;"Katharine Graham"
5200;"Jane Harper"
5201;"Rolf Potts"
5202;"J.C. Reed"
5203;"Matthew Mather"
5204;"Nujood Ali"
5205;"David Auburn"
5206;"Robert A. Caro"
5207;"Dan Jurgens"
5208;"Steven Hall"
5209;"Sonali Deraniyagala"
5210;"Andrew Solomon"
5211;"Barbara Park"
5212;"Maud Hart Lovelace"
5213;"Sara Zarr"
5214;"Diane Mott Davidson"
5215;"James  Jones"
5216;"Michael Moore"
5217;"Gerda Weissmann Klein"
5218;"Nando Parrado"
5219;"Kimberly Brubaker Bradley"
5220;"Zoe Heller"
5221;"Dorothea Benton Frank"
5222;"G.P. Ching"
5223;"Rhys Bowen"
5224;"Bruce Degen"
5225;"Elizabeth Haydon"
5226;"Amin Maalouf"
5227;"NoViolet Bulawayo"
5228;"Marian Potter"
5229;"Scott Cunningham"
5230;"Cath Crowley"
5231;"John Steptoe"
5232;"Molly Wizenberg"
5233;"Martin E.P. Seligman"
5234;"John Lawrence Peterson"
5235;"Cynthia Voigt"
5236;"James Alexander Thom"
5237;"Cristin Terrill"
5238;"Kimberly Rae Miller"
5239;"Kathleen Winsor"
5240;"John  Stephens"
5241;"Doug Stanton"
5242;"Yuna Kagesaki"
5243;"Patricia Polacco"
5244;"Tiffany Reisz"
5245;"William  Kennedy"
5246;"Paul Theroux"
5247;"Liz Moore"
5248;"Lloyd Jones"
5249;"John Patrick Shanley"
5250;"Cate Tiernan"
5251;"Laurie Fabiano"
5252;"Seren Kierkegaard"
5253;"Amelia Atwater-Rhodes"
5254;"Thor Heyerdahl"
5255;"Albert Einstein"
5256;"Anna Maxted"
5257;"Siobhan Vivian"
5258;"David James Duncan"
5259;"Shawn Achor"
5260;"Janet Stevens"
5261;"Tyler Oakley"
5262;"Laurence Sterne"
5263;"Giles Andreae"
5264;"Mia Ikumi"
5265;"Emily M. Danforth"
5266;"Sue Klebold"
5267;"David  Arnold"
5268;"Barbara Claypole White"
5269;"Nick Cutter"
5270;"Amy Bloom"
5271;"Georg Wilhelm Friedrich Hegel"
5272;"Sarah Mlynowski"
5273;"Julie Gregory"
5274;"Paulette Jiles"
5275;"Devdutt Pattanaik"
5276;"Anthony Hope"
5277;"Tammy Falkner"
5278;"J.P. Delaney"
5279;"Alex Kava"
5280;"M.O. Walsh"
5281;"Mika Waltari"
5282;"Marie Force"
5283;"Tayeb Salih"
5284;"Doris Lessing"
5285;"name"
5286;"Harold S. Kushner"
5287;"Susan Coolidge"
5288;"Philip G. Zimbardo"
5289;"Nancy Pickard"
5290;"Rusty Young"
5291;"Fuyumi Soryo"
5292;"Alice Waters"
5293;"Michelle Richmond"
5294;"Marv Wolfman"
5295;"John Hodgman"
5296;"Elisabeth Naughton"
5297;"Tan Twan Eng"
5298;"Claudia Rankine"
5299;"Sarah Prineas"
5300;"Michael Azerrad"
5301;"Rosalind Miles"
5302;"Guy Delisle"
5303;"Courtney Maum"
5304;"Michael E. Porter"
5305;"Wayne A. Grudem"
5306;"Sarah Andersen"
5307;"R. Scott Bakker"
5308;"Kristin Kimball"
5309;"Melissa Landers"
5310;"Laura Ruby"
5311;"Marcus Samuelsson"
5312;"Stephanie Garber"
5313;"Cheryl Rainfield"
5314;"Ahmad Fuadi"
5315;"Rick Atkinson"
5316;"Jo Walton"
5317;"Garr Reynolds"
5318;"Tom Sniegoski"
5319;"Josh Kaufman"
5320;"Scott  Hawkins"
5321;"Joel Osteen"
5322;"Jennifer L. Holm"
5323;"Mary Beth Chapman"
5324;"Jill Conner Browne"
5325;"Debra Dean"
5326;"Hannu Rajaniemi"
5327;"Ludwig Wittgenstein"
5328;"Spencer Quinn"
5329;"Caroline Knapp"
5330;"Kalayna Price"
5331;"Steven Callahan"
5332;"Howard Schultz"
5333;"Laurence Rees"
5334;"Slavomir Rawicz"
5335;"Durjoy Datta"
5336;"Robyn Carr"
5337;"Jose Mauro de Vasconcelos"
5338;"Ivan Doig"
5339;"Steve Martini"
5340;"Gloria Levine"
5341;"Walter Mosley"
5342;"Jim Thompson"
5343;"Mary Elizabeth Braddon"
5344;"Jodi Lynn Anderson"
5345;"Amanda Foreman"
5346;"A.C. Gaughen"
5347;"Machado de Assis"
5348;"Robert Shea"
5349;"Alexander Gordon Smith"
5350;"Nancy Thayer"
5351;"Poppy Z. Brite"
5352;"Alan W. Watts"
5353;"Ramez Naam"
5354;"Kathleen E. Woodiwiss"
5355;"Dorie Greenspan"
5356;"Aya Nakahara"
5357;"Kristin Levine"
5358;"Phillip C. McGraw"
5359;"Hidekaz Himaruya"
5360;"Andrew Stanton"
5361;"Herman Parish"
5362;"Eric Schmidt"
5363;"Jose Maria de Ena de Queiros"
5364;"Amy Gentry"
5365;"Amanda Grange"
5366;"Miranda Hart"
5367;"Tim Hamilton"
5368;"Maki Minami"
5369;"Hiroshi Sakurazaka"
5370;"Wanda Gog"
5371;"Ella Carey"
5372;"Philip C. Stead"
5373;"Smith Henderson"
5374;"Lisa Jackson"
5375;"Erskine Caldwell"
5376;"Kate Summerscale"
5377;"Loretta Chase"
5378;"Glenn Beck"
5379;"Larry Bird"
5380;"Tony Hillerman"
5381;"Cammie McGovern"
5382;"Susan Abulhawa"
5383;"Melissa Nathan"
5384;"Misty Bernall"
5385;"Rita Golden Gelman"
5386;"Lauren Blakely"
5387;"Elizabeth Bard"
5388;"Confucius"
5389;"Pamela Des Barres"
5390;"Giuseppe Tomasi di Lampedusa"
5391;"Paul Jenkins"
5392;"Sara Douglass"
5393;"Sandra Gulland"
5394;"name"
5395;"Adam Gidwitz"
5396;"Alisa Valdes"
5397;"Luke Rhinehart"
5398;"Krista Ritchie"
5399;"Eleanor Coerr"
5400;"Josephine Tey"
5401;"Anais Nin"
5402;"name"
5403;"Mark Mathabane"
5404;"name"
5405;"Gene Stratton-Porter"
5406;"T.M. Frazier"
5407;"Nancy Reagin"
5408;"Masaru Emoto"
5409;"Jason Mott"
5410;"Ramachandra Guha"
5411;"Ryan Holiday"
5412;"Kate Grenville"
5413;"Ben Carson"
5414;"Linda Williams"
5415;"R.C. Sproul"
5416;"Carole Radziwill"
5417;"Nancy E. Shaw"
5418;"Bruno Ernst"
5419;"Steve Perry"
5420;"Al Ries"
5421;"J.B. Salsbury"
5422;"Hazel Gaynor"
5423;"Gary Keller"
5424;"Omar Tyree"
5425;"Alisa Kwitney"
5426;"Marc Guggenheim"
5427;"Paul Pen"
5428;"America's Test Kitchen"
5429;"Phaedra Patrick"
5430;"Jodi Meadows"
5431;"William Kamkwamba"
5432;"Paul O. Zelinsky"
5433;"Katherine Addison"
5434;"Adam Makos"
5435;"John Cheever"
5436;"Neil Simon"
5437;"V.S. Ramachandran"
5438;"Drew Barrymore"
5439;"Mario Benedetti"
5440;"Tamara Ireland Stone"
5441;"James Andrew Miller"
5442;"Mem Fox"
5443;"Jessica Verday"
5444;"P.B. Kerr"
5445;"R.S. Grey"
5446;"name"
5447;"Joan Bauer"
5448;"A.M. Homes"
5449;"Naomi Wolf"
5450;"Douglas E. Richards"
5451;"Miklos Nyiszli"
5452;"Kathryn Jackson"
5453;"Mike Birbiglia"
5454;"Phil Robertson"
5455;"Raditya Dika"
5456;"Tara Sue Me"
5457;"Jonah Berger"
5458;"Terry McMillan"
5459;"Joe Navarro"
5460;"Lauren Willig"
5461;"Stephen Sondheim"
5462;"Shusaku Endo"
5463;"Rachel Ward"
5464;"Bruce Springsteen"
5465;"Wednesday Martin"
5466;"Margot Lee Shetterly"
5467;"Carl R. Rogers"
5468;"Masami Tsuda"
5469;"Howard Jacobson"
5470;"Iris Rainer Dart"
5471;"David Almond"
5472;"David Hume"
5473;"Maxwell Maltz"
5474;"Mary Lawson"
5475;"Leslie Marmon Silko"
5476;"Deborah Ellis"
5477;"Stephen Clarke"
5478;"Frantz Fanon"
5479;"Robert Jackson Bennett"
5480;"Bruce Coville"
5481;"Lauren Henderson"
5482;"C.S. Friedman"
5483;"David R. Gillham"
5484;"James D. Watson"
5485;"Jamie Oliver"
5486;"Shoichi Aoki"
5487;"Mary Westmacott"
5488;"Fiona Carnarvon"
5489;"S.M. Stirling"
5490;"Bethany McLean"
5491;"John Shors"
5492;"Brian Coffey"
5493;"Kurt Cobain"
5494;"Mary Downing Hahn"
5495;"Clifford D. Simak"
5496;"Henri J.M. Nouwen"
5497;"Charles Wheelan"
5498;"Addison Moore"
5499;"Laura Wiess"
5500;"Judith Krantz"
5501;"Sandra Dallas"
5502;"Janne Teller"
5503;"Liz Kessler"
5504;"Sarah Hepola"
5505;"Joe Hart"
5506;"Morgan Rice"
5507;"Kobo Abe"
5508;"James  Hankins"
5509;"Amy Zhang"
5510;"Sheldon Vanauken"
5511;"Anna Jean Mayhew"
5512;"Jennifer Ashley"
5513;"Stephen Hunter"
5514;"Kendra Elliot"
5515;"Esther Earl"
5516;"Pauline Reage"
5517;"Sean Patrick"
5518;"Elizabeth Norris"
5519;"Chris Claremont"
5520;"Noam Chomsky"
5521;"Horace Walpole"
5522;"Julia Pierpont"
5523;"Anne Sexton"
5524;"David Hackett Fischer"
5525;"Waris Dirie"
5526;"Tom Peters"
5527;"Bill Finger"
5528;"Eric Blehm"
5529;"Lisa Tawn Bergren"
5530;"Erica Jong"
5531;"Sarah Blakley-Cartwright"
5532;"Rashmi Bansal"
5533;"Nickolas Butler"
5534;"Mireille Guiliano"
5535;"Laura Whitcomb"
5536;"pleasefindthis"
5537;"Natasha Anders"
5538;"Angela Elwell Hunt"
5539;"William Carlos Williams"
5540;"Ali Smith"
5541;"Lesley Livingston"
5542;"Franklin Foer"
5543;"Fernando Pessoa"
5544;"Geoff Johns"
5545;"Manning Marable"
5546;"Marlo Morgan"
5547;"Bert Dodson"
5548;"Len Deighton"
5549;"Marion Cunningham"
5550;"name"
5551;"Keary Taylor"
5552;"Flann O'Brien"
5553;"Suzanne Wright"
5554;"Herge"
5555;"Ottessa Moshfegh"
5556;"Nicholas Ganz"
5557;"Ed Young"
5558;"Anita Amirrezvani"
5559;"Victoria Schwab"
5560;"Anne Rampling"
5561;"Mary-Jane Knight"
5562;"Robert Foster"
5563;"Lucinda Riley"
5564;"Uwem Akpan"
5565;"Elly Griffiths"
5566;"Harold McGee"
5567;"Jodee Blanco"
5568;"Gemma Burgess"
5569;"Lama Surya Das"
5570;"Edie Claire"
5571;"Kim van Alkemade"
5572;"David Byrne"
5573;"Heather Burch"
5574;"Nicky Cruz"
5575;"August Wilson"
5576;"Richard Wurmbrand"
5577;"Lynda Cohen Loigman"
5578;"Daniel Coyle"
5579;"Elizabeth Little"
5580;"Carrie Anne Noble"
5581;"David Simon"
5582;"Benedict Freedman"
5583;"Connor Franta"
5584;"Rene Denfeld"
5585;"Paul  Hoffman"
5586;"Katie Cotugno"
5587;"Adam Gopnik"
5588;"Tyler Hamilton"
5589;"Samad Behrangi"
5590;"Robertson Davies"
5591;"Alan    Richardson"
5592;"Catherine Bybee"
5593;"Dick Riley"
5594;"L.A. Casey"
5595;"Walter Lord"
5596;"Brady Udall"
5597;"Donald Ray Pollock"
5598;"Saroo Brierley"
5599;"Clare Naylor"
5600;"Matthew Desmond"
5601;"Genevieve Cogman"
5602;"Melissa Anelli"
5603;"Francisco X. Stork"
5604;"Tere Liye"
5605;"Jeffrey Brown"
5606;"Daniel C. Dennett"
5607;"C.J. Box"
5608;"Jill Alexander Essbaum"
5609;"Amanda Brown"
5610;"Susan Dennard"
5611;"Gavin Menzies"
5612;"Hope Larson"
5613;"Liza Klaussmann"
5614;"Claire Contreras"
5615;"Scott Dikkers"
5616;"Will Durant"
5617;"Elaine Pagels"
5618;"American Psychiatric Association"
5619;"Kiyohiko Azuma"
5620;"Black Elk"
5621;"Sara Ryan"
5622;"Michael Frayn"
5623;"Tom Standage"
5624;"Karen   White"
5625;"Robert Hicks"
5626;"Randy Alcorn"
5627;"name"
5628;"Stephen R. Lawhead"
5629;"name"
5630;"Dolen Perkins-Valdez"
5631;"Beth Moore"
5632;"name"
5633;"Anita Brookner"
5634;"Emily Murdoch"
5635;"Jill Murphy"
5636;"Cynthia Rylant"
5637;"Siri Hustvedt"
5638;"Todd J. McCaffrey"
5639;"Ken Robinson"
5640;"William C. Dietz"
5641;"Billy Collins"
5642;"Apostolos Doxiadis"
5643;"Laurent Binet"
5644;"Kate Andersen Brower"
5645;"Lori Nelson Spielman"
5646;"T.A. Barron"
5647;"Iris Murdoch"
5648;"L. Ron Hubbard"
5649;"Carol Burnett"
5650;"Samuel Shem"
5651;"Ayse Kulin"
5652;"Keri Smith"
5653;"Heinrich Harrer"
5654;"Suzanne Weyn"
5655;"Larry Levin"
5656;"Thomas E. Sniegoski"
5657;"Rose Levy Beranbaum"
5658;"Robert  Beatty"
5659;"Sarah Turnbull"
5660;"Amelie Nothomb"
5661;"Angela Johnson"
5662;"Christopher Chabris"
5663;"Steve Toltz"
5664;"Ramit Sethi"
5665;"Jeff Wheeler"
5666;"Charles Bernard Nordhoff"
5667;"Ken Akamatsu"
5668;"William Arntz"
5669;"Johanna Lindsey"
5670;"Marcella Hazan"
5671;"Jess Rothenberg"
5672;"April Henry"
5673;"Leah Wilson"
5674;"Maggie Nelson"
5675;"Jann S. Wenner"
5676;"Dominic Smith"
5677;"Louise Jensen"
5678;"Margaret Leroy"
5679;"Thomas C. Foster"
5680;"Lauren Myracle"
5681;"Bruce Campbell"
5682;"Rolf Dobelli"
5683;"Ellen Stoll Walsh"
5684;"L.D. Davis"
5685;"Ulrich Bischoff"
5686;"Charles Harrison"
5687;"Herve Tullet"
5688;"Alfred Tennyson"
5689;"Jamie Delano"
5690;"Jane Lynch"
5691;"Jonathan Renshaw"
5692;"name"
5693;"Walter Moers"
5694;"Raymond Briggs"
5695;"Winston Graham"
5696;"Gregg Hurwitz"
5697;"Bella Andre"
5698;"Roland Merullo"
5699;"Suetonius"
5700;"Ibraheem Abbas"
5701;"Charlie LeDuff"
5702;"Philip Reeve"
5703;"Gemma Halliday"
5704;"Bernadette Rossetti-Shustak"
5705;"Jim Krueger"
5706;"William Nicholson"
5707;"Scarlett Thomas"
5708;"Daniel Wallace"
5709;"Lisa O'Donnell"
5710;"Tim Tebow"
5711;"Patricia M. Scarry"
5712;"James Luceno"
5713;"Anderson Cooper"
5714;"Ann Cleeves"
5715;"Sarah L. Delany"
5716;"Richard Price"
5717;"Peter Hedges"
5718;"Annie Barrows"
5719;"J.S. Scott"
5720;"Sarah Pinborough"
5721;"Robert W. Chambers"
5722;"Susan  Wilson"
5723;"Randy Susan Meyers"
5724;"David Mamet"
5725;"Ruth Wariner"
5726;"Charles M. Schulz"
5727;"Adrian Nicole LeBlanc"
5728;"Benedict Jacka"
5729;"Victoria Helen Stone"
5730;"Sharon G. Flake"
5731;"Pascal Mercier"
5732;"Tessa Dare"
5733;"Martha Grimes"
5734;"Lucie Whitehouse"
5735;"The Waiter"
5736;"Melanie Rawn"
5737;"Breena Clarke"
5738;"Nancy Leigh DeMoss"
5739;"Joe Sacco"
5740;"Yangsze Choo"
5741;"Karina Halle"
5742;"Twyla Tharp"
5743;"Mourid Barghouti"
5744;"Jocelyn Davies"
5745;"Miles Davis"
5746;"Elizabeth Winthrop"
5747;"Steven Tyler"
5748;"Josh Bazell"
5749;"Eric Hill"
5750;"Kevin J. Anderson"
5751;"Yasunari Kawabata"
5752;"Kim Gruenenfelder"
5753;"Morris Gleitzman"
5754;"Gary Brandner"
5755;"Ilana Tan"
5756;"Oprah Winfrey"
5757;"Sara B. Larson"
5758;"Mircea Eliade"
5759;"Christina McKenna"
5760;"Glen David Gold"
5761;"Georges Bataille"
5762;"Christiane Northrup"
5763;"Lindsay Ashford"
5764;"Danielle L. Jensen"
5765;"Andy Cohen"
5766;"Assata Shakur"
5767;"Paul Galdone"
5768;"Willow Aster"
5769;"Corina Bomann"
5770;"Edward M. Kennedy"
5771;"James Hilton"
5772;"Nella Larsen"
5773;"Harry Bernstein"
5774;"Brenna Yovanoff"
5775;"Homer Hickam"
5776;"Val McDermid"
5777;"Robin Norwood"
5778;"Perry Moore"
5779;"Alex Kotlowitz"
5780;"John D. Fitzgerald"
5781;"Sonya Sones"
5782;"Danielle Trussoni"
5783;"Paula H. Deen"
5784;"Nicholas Pileggi"
5785;"name"
5786;"Cynthia Swanson"
5787;"Anatoli Boukreev"
5788;"Django Wexler"
5789;"Bart D. Ehrman"
5790;"George Gordon Byron"
5791;"Anna Gavalda"
5792;"Peter Lynch"
5793;"Bertolt Brecht"
5794;"Nic Pizzolatto"
5795;"Mac Barnett"
5796;"Justin Torres"
5797;"Edmund Spenser"
5798;"Alissa Nutting"
5799;"Arthur Nersesian"
5800;"Steve Alten"
5801;"John O'Hara"
5802;"Janet Ahlberg"
5803;"Gene Kim"
5804;"Brandon Stanton"
5805;"Erin Gruwell"
5806;"Fareed Zakaria"
5807;"Dinah Bucholz"
5808;"Bill Browder"
5809;"David Bach"
5810;"Cat Patrick"
5811;"Jill Leovy"
5812;"Terry Jones"
5813;"Paul Torday"
5814;"Alex  Ross"
5815;"Katie Klein"
5816;"Trish Doller"
5817;"Glenn Greenwald"
5818;"Hafez"
5819;"John L. Parker Jr."
5820;"Ben Hatke"
5821;"William  Boyd"
5822;"Amy Lichtenhan"
5823;"David Lebovitz"
5824;"Grace Draven"
5825;"Ronald C. White Jr."
5826;"Jon J. Muth"
5827;"Gayle Tzemach Lemmon"
5828;"Tonya Hurley"
5829;"Larry Bond"
5830;"Josh Kilmer-Purcell"
5831;"Michael Herr"
5832;"Lorenzo Carcaterra"
5833;"Walter Benjamin"
5834;"Sarah Palin"
5835;"Anne Byrn"
5836;"Forrest Carter"
5837;"Richard Brautigan"
5838;"Ali Novak"
5839;"Crissy Calhoun"
5840;"Myra McEntire"
5841;"Laurann Dohner"
5842;"David B."
5843;"Tracy Letts"
5844;"Susan Elia MacNeal"
5845;"Christopher Priest"
5846;"Donald McCaig"
5847;"Melody Anne"
5848;"Andrew Hunt"
5849;"Katee Robert"
5850;"Diablo Cody"
5851;"name"
5852;"Steven Spielberg"
5853;"Audre Lorde"
5854;"Amy Waldman"
5855;"Alan Lee"
5856;"Jenna Black"
5857;"Stephen Jones"
5858;"Nick Cave"
5859;"Jeff Brown"
5860;"Donald Crews"
5861;"Kate Clifford Larson"
5862;"Jennifer Haigh"
5863;"Garth Risk Hallberg"
5864;"Edward Said"
5865;"Eric Jerome Dickey"
5866;"Georgia Byng"
5867;"Tom Brokaw"
5868;"Lynn Flewelling"
5869;"Jacqueline Davies"
5870;"John Searles"
5871;"Clint Hill"
5872;"W.P. Kinsella"
5873;"Charles Martin"
5874;"Peter Jenkins"
5875;"Michael Patrick MacDonald"
5876;"William March"
5877;"Kim Karr"
5878;"Ira Wagler"
5879;"Toni Aleo"
5880;"J.  Daniels"
5881;"Steve Sheinkin"
5882;"Suketu Mehta"
5883;"Bob Grant"
5884;"Carolly Erickson"
5885;"Brian Kilmeade"
5886;"Christine Zolendz"
5887;"Federico Garcia Lorca"
5888;"Lettie B. Cowman"
5889;"Chris Heimerdinger"
5890;"Jenna Jameson"
5891;"Jacquelyn Frank"
5892;"Katie MacAlister"
5893;"Mary Hoffman"
5894;"Nancy Tillman"
5895;"Rachel Bertsche"
5896;"Francois Lelord"
5897;"Indu Sundaresan"
5898;"Erica Stevens"
5899;"Isabel Wolff"
5900;"Hanif Kureishi"
5901;"Sarah Crossan"
5902;"Alex Rosenberg"
5903;"Michael J. Sandel"
5904;"Leila Meacham"
5905;"Mordicai Gerstein"
5906;"Jacqueline Sheehan"
5907;"Bob Gale"
5908;"Jeffrey D. Sachs"
5909;"Esi Edugyan"
5910;"Katrina Kittle"
5911;"Robin Benway"
5912;"Victoria Jamieson"
5913;"Randall Wallace"
5914;"Andre Aciman"
5915;"Anne Michaels"
5916;"Richard Stearns"
5917;"Gary Ezzo"
5918;"name"
5919;"Steve Coll"
5920;"E.C. Diskin"
5921;"Phyllis T. Smith"
5922;"Don Richardson"
5923;"Jed Rubenfeld"
5924;"H.P. Mallory"
5925;"Geneen Roth"
5926;"Andrew  Peterson"
5927;"Frank Bettger"
5928;"Billy Crystal"
5929;"Jackie Collins"
5930;"Stephen Schwartz"
5931;"Erma Bombeck"
5932;"Cheryl McIntyre"
5933;"Bill Hybels"
5934;"Teju Cole"
5935;"Janice  Thompson"
5936;"Zig Ziglar"
5937;"Ian McGuire"
5938;"David Baggett"
5939;"Henry Marsh"
5940;"Katharine Hepburn"
5941;"Neil A. Fiore"
5942;"Joel C. Rosenberg"
5943;"Alice  Miller"
5944;"Dale Wasserman"
5945;"Austin Grossman"
5946;"Graham Swift"
5947;"Melanie Gideon"
5948;"Colleen Oakley"
5949;"Margot Livesey"
5950;"Theodore Sturgeon"
5951;"Donna Russo Morin"
5952;"Erlend Loe"
5953;"Meca Tanaka"
5954;"Andy Andrews"
5955;"John Lanchester"
5956;"Shana Norris"
5957;"Linda Fairstein"
5958;"Jay Winik"
5959;"Julie Buxbaum"
5960;"HaveYouSeenThisGirL"
5961;"Debora Geary"
5962;"Elle Casey"
5963;"Si Robertson"
5964;"Kady Cross"
5965;"Daniel Glattauer"
5966;"James Lincoln Collier"
5967;"Tom Holland"
5968;"Molly Harper"
5969;"Eloisa James"
5970;"Derf Backderf"
5971;"Cindy C. Bennett"
5972;"Dick King-Smith"
5973;"Jack McCallum"
5974;"Joel Fuhrman"
5975;"Susan S. Adler"
5976;"Sebastian Barry"
5977;"Greg Rucka"
5978;"Stephanie Bond"
5979;"Chelsea Fine"
5980;"Alex Marwood"
5981;"John Brunner"
5982;"Gwen Cooper"
5983;"Michael Dante DiMartino"
5984;"Sara Paretsky"
5985;"Bette Greene"
5986;"Jodi Daynard"
5987;"Cora Reilly"
5988;"Cara Lockwood"
5989;"Mason Currey"
5990;"Kevin Malarkey"
5991;"Sarra Manning"
5992;"Juan Gabriel Vasquez"
5993;"Ruth Cardello"
5994;"Michael A. Stackpole"
5995;"Neil Postman"
5996;"Lynley Dodd"
5997;"Pattie Boyd"
5998;"Ann Hood"
5999;"Roderick Gordon"
6000;"Bob Spitz"
6001;"Greg Pak"
6002;"David Starkey"
6003;"Dean Hughes"
6004;"Donna Leon"
6005;"Virginia M. Axline"
6006;"Barbara Ann Brennan"
6007;"Bohumil Hrabal"
6008;"M. Pierce"
6009;"Chris Crutcher"
6010;"R.D. Blackmore"
6011;"Stacy King"
6012;"S.A.R.K."
6013;"Alex   Sanchez"
6014;"Melissa Senate"
6015;"name"
6016;"Jonathan L. Howard"
6017;"Ryu Murakami"
6018;"Jason  Matthews"
6019;"Ben Macintyre"
6020;"Dick Winters"
6021;"Jennifer Rush"
6022;"M.C. Beaton"
6023;"Richard Siken"
6024;"Yotam Ottolenghi"
6025;"Richard   Phillips"
6026;"E.L. Montes"
6027;"Morton Rhue"
6028;"Helen Hooven Santmyer"
6029;"L.J. Shen"
6030;"Francois Rabelais"
6031;"Glen Duncan"
6032;"Thomas Frank"
6033;"name"
6034;"Ruth Krauss"
6035;"Guy Debord"
6036;"Gennifer Albin"
6037;"Robert Leckie"
6038;"Angie Thomas"
6039;"name"
6040;"S.H. Kolee"
6041;"Marshall McLuhan"
6042;"Kentaro Miura"
6043;"Cynthia Bond"
6044;"Thomas Merton"
6045;"Melanie Watt"
6046;"Paul Neilan"
6047;"Dan Chaon"
6048;"Nevada Barr"
6049;"Shelly Laurenston"
6050;"Scott Anderson"
6051;"Cynthia J. McGean"
6052;"Alex Berenson"
6053;"Jacqueline Briggs Martin"
6054;"Jenny O'Connell"
6055;"G.A. Aiken"
6056;"Leisa Rayven"
6057;"Elizabeth Bishop"
6058;"Thomas Wolfe"
6059;"William McDonough"
6060;"Marc Weissbluth"
6061;"Monty Roberts"
6062;"Michael Baigent"
6063;"Kate Hamer"
6064;"Marcia Clark"
6065;"Eldridge Cleaver"
6066;"Baruch Spinoza"
6067;"Jessi Klein"
6068;"Andre Norton"
6069;"Jane Shemilt"
6070;"Darwyn Cooke"
6071;"Megan McDonald"
6072;"Christian Rudder"
6073;"Sarah Lotz"
6074;"Donald J. Trump"
6075;"Alex Lake"
6076;"Arianna Huffington"
6077;"Julie Hockley"
6078;"Mark Walden"
6079;"name"
6080;"John D. MacDonald"
6081;"Jana Oliver"
6082;"James Agee"
6083;"Andrea Kettenmann"
6084;"Gwen Hayes"
6085;"Kiyo Fujiwara"
6086;"Michael D. Watkins"
6087;"Jean Lee Latham"
6088;"AnnaLisa Grant"
6089;"Margaret Edson"
6090;"The Harvard Lampoon"
6091;"Stephen Davis"
6092;"Adolfo Bioy Casares"
6093;"Leslie Jamison"
6094;"Courtney Milan"
6095;"Henry Hazlitt"
6096;"Julia Claiborne Johnson"
6097;"Cathy Hopkins"
6098;"Roger Lea MacBride"
6099;"Hector Tobar"
6100;"Francis A. Schaeffer"
6101;"Robert Coles"
6102;"Patricia Harman"
6103;"Patty Lovell"
6104;"Nick Flynn"
6105;"Richard Llewellyn"
6106;"Carol Lynch Williams"
6107;"Jim Loehr"
6108;"Edward Gibbon"
6109;"Donald Hall"
6110;"Jeff Lemire"
6111;"Rafael Sabatini"
6112;"D.J. Molles"
6113;"Mathias Malzieu"
6114;"Laura  McBride"
6115;"Amanda Berry"
6116;"Elisabeth Egan"
6117;"Lucy Sykes"
6118;"Deanna Raybourn"
6119;"Loek Koopmans"
6120;"Liesl Shurtliff"
6121;"Elyn R. Saks"
6122;"Natasha Friend"
6123;"Richard Henry Dana Jr."
6124;"Amy Brown"
6125;"Martin Waddell"
6126;"Angela Flournoy"
6127;"Ted Andrews"
6128;"Stephanie Kallos"
6129;"Babe Walker"
6130;"Mo Hayder"
6131;"Mark    Adams"
6132;"Jean Anouilh"
6133;"Barbara Taylor Sissel"
6134;"Judith Kerr"
6135;"Suki Kim"
6136;"Joan Aiken"
6137;"Nick Bruel"
6138;"name"
6139;"Eva Ibbotson"
6140;"Harry Harrison"
6141;"W.G. Sebald"
6142;"Laura  Barnett"
6143;"Johanna Edwards"
6144;"Lauren Morrill"
6145;"Charlie Lovett"
6146;"Aleksandr Griboyedov"
6147;"Howard Dully"
6148;"Karen Harper"
6149;"Jose Emilio Pacheco"
6150;"Emery Lord"
6151;"Ilsa Madden-Mills"
6152;"Alice LaPlante"
6153;"Angela Duckworth"
6154;"Dan Abnett"
6155;"Max Frisch"
6156;"Alex Gino"
6157;"Daniel J. Boorstin"
6158;"Ellen Levine"
6159;"Jana Deleon"
6160;"Barthe DeClements"
6161;"Lawrence Ferlinghetti"
6162;"Christopher Buckley"
6163;"Nicci French"
6164;"Shauna Niequist"
6165;"Tedd Arnold"
6166;"Sally Fallon Morell"
6167;"Abigail Haas"
6168;"Malvina G. Vogel"
6169;"Adam M. Grant"
6170;"Maria Dahvana Headley"
6171;"William S. Baring-Gould"
6172;"Grady Hendrix"
6173;"Alexandra Horowitz"
6174;"Hugh Ambrose"
6175;"Terry Ryan"
6176;"Inga Muscio"
6177;"Maria Augusta von Trapp"
6178;"Giulia Enders"
6179;"John M. Gottman"
6180;"Yukio Mishima"
6181;"Deeanne Gist"
6182;"Peter Matthiessen"
6183;"Terri Blackstock"
6184;"John Rawls"
6185;"Oscar Hijuelos"
6186;"Ben Okri"
6187;"Miles  Cameron"
6188;"Ian Mortimer"
6189;"Peggy Orenstein"
6190;"John Keegan"

