"id";"city";"country";"email"
1;"Razvanje";"SI";"bjensen0@opensource.org"
2;"Nanan";"CN";"cdunton1@usda.gov"
3;"Sumber Tengah";"BE";"dtrimble2@cisco.com"
4;"Fontinha";"PT";"mhardway3@wordpress.com"
5;"Parchal";"PT";"agiorgeschi4@dropbox.com"
6;"Shaguotun";"CN";"bsnary5@hud.gov"
7;"Xiadu";"CN";"dbrickwood6@auda.org.au"
8;"Garnich";"LU";"cmathew7@twitter.com"
9;"Terre Haute";"US";"jbartalini8@comcast.net"
10;"Changping";"CN";"gmagnay9@exblog.jp"
11;"Maan";"CN";"ffitzsymonsa@vk.com"
12;"Gualeguay";"AR";"kfassanb@com.com"
13;"Ravne na Koroskem";"SI";"nlefeuvrec@guardian.co.uk"
14;"Yiyang";"CN";"galgated@skype.com"
15;"Hongguang";"CN";"jczajkowskie@google.cn"
16;"Dahe";"CN";"lfrankcomf@washington.edu"
17;"Nova Era";"BR";"jduftong@lulu.com"
18;"Akure";"NG";"edresseh@bandcamp.com"
19;"Leuven";"BE";"jghelarduccii@godaddy.com"
20;"Bom Despacho";"BR";"sjeckellj@wordpress.com"
21;"Paris";"FR";"bpitbladdok@census.gov"
22;"Nice";"FR";"eraxworthyl@about.com"
23;"Nachod";"CZ";"nblasim@house.gov"
24;"Solingen";"DE";"mbellhousen@xrea.com"
25;"Alexandria";"EG";"oasleto@tripadvisor.com"
26;"Klavdiyevo-Tarasove";"UA";"rwilmotp@exblog.jp"
27;"Dubinino";"RU";"tblackleyq@jalbum.net"
28;"Venda Nova";"PT";"pgodfreyr@reverbnation.com"
29;"London";"UK";"cberesfores@facebook.com"
30;"New York";"UK";"fpocknollt@columbia.edu"
31;"San Sebastian";"MX";"fmanskeu@exblog.jp"
32;"Igreja";"PT";"lchamneyv@vimeo.com"
33;"La Rochelle";"FR";"cmcphillipsw@goo.ne.jp"
34;"El Mlibrary_ida";"TN";"awanleyx@t.co"
35;"Wageningen";"NL";"jchastaingy@yelp.com"
36;"Huangjing";"CN";"icasillasz@ifeng.com"
37;"Acu";"BR";"ktennet10@noaa.gov"
38;"Solnechnyy";"RU";"cbrunelli11@diigo.com"
39;"Antwerpen";"BE";"mboyack12@multiply.com"
40;"Sexiong";"CN";"tbowcock13@xing.com"
41;"Aarschot";"BE";"asaunders14@google.co.jp"
42;"Tangfang";"CN";"aradbond15@domainmarket.com"
43;"Delft";"NL";"rmcgonagle16@technorati.com"
44;"Sendai";"JP";"mpuve17@gravatar.com"
45;"Fengtang";"CN";"hsmithies18@soundcloud.com"
46;"Novo-Nikol skoye";"RU";"geasterfield19@adobe.com"
47;"Ahmadpur Sial";"PK";"gchucks1a@facebook.com"
48;"Arcena Pequena";"PT";"hcrocetti1b@slashdot.org"
49;"Canedo";"PT";"kmakepeace1c@google.ca"
50;"Greenville";"US";"npenrose1d@reference.com"
51;"Lubasz";"PL";"gmckie1e@amazon.co.jp"
52;"Ca Mau";"VN";"jlysaght1f@artisteer.com"
53;"Nuradilovo";"RU";"aabbati1g@fema.gov"
54;"Moscow";"RU";"lsanten1h@hc360.com"
55;"Issa";"RU";"lbarrowcliffe1i@cmu.edu"
56;"Huambo";"PE";"ttoms1j@apple.com"
57;"Baume-les-Dames";"FR";"lgwyther1k@amazon.co.jp"
58;"Galyugayevskaya";"RU";"pkose1l@un.org"
59;"Kapshagay";"KZ";"cbinny1m@angelfire.com"
60;"Yaozhuang";"CN";"vdouse1n@icio.us"
61;"Ujar";"AZ";"couthwaite1o@ehow.com"
62;"Peer";"BE";"peerlibraryd@skype.com"
63;"Tingzhou";"CN";"ghexter1q@last.fm"
64;"Caujul";"PE";"jbogue1r@nih.gov"
65;"Triesenberg";"LI";"hfarans1s@bizjournals.com"
66;"Paraiso";"BR";"barnefield1t@usa.gov"
67;"Minyat an Nasr";"EG";"hklug1u@amazon.co.uk"
68;"Balkh";"AF";"arelibrary_idie1v@cbsnews.com"
69;"Jiutai";"CN";"bcarbry1w@yellowbook.com"
70;"Jinzipai";"CN";"apeachman1x@soundcloud.com"
71;"Jingkou";"CN";"gboshell1y@networksolutions.com"
72;"Otaniemi";"FI";"sruste1z@nationalgeographic.com"
73;"Jiaoxie";"CN";"dmilberry20@berkeley.edu"
74;"Tanalt";"MA";"mdopson21@earthlink.net"
75;"Kessel-Lo";"BE";"kessello@skype.com"
76;"Xindong";"CN";"mwight23@lulu.com"
77;"Izazi";"TZ";"cduell24@opera.com"
78;"Pokrovskoye-Streshnevo";"RU";"ioats25@ucoz.com"
79;"Aleksandrovsk-Sakhalinskiy";"RU";"hedmund26@geocities.jp"
80;"Pensacola";"US";"bcrewes27@microsoft.com"
81;"Rio de Jesus";"PA";"mdriffe28@nhs.uk"
82;"Farun";"PS";"tgrimston29@mlb.com"
83;"Ambelokipoi";"GR";"lbasindale2a@last.fm"
84;"Dengjia";"CN";"lmulberry2b@ask.com"
85;"Shancheng";"CN";"ncotsford2c@scribd.com"
86;"New York";"US";"ny@gmail.com"
87;"Skibbereen";"IE";"jgiannini2e@accuweather.com"
88;"Maglajani";"BA";"mbjorkan2f@cbc.ca"
89;"Chuzhou";"CN";"sdodwell2g@sourceforge.net"
90;"Huangji";"CN";"efaunt2h@seesaa.net"
91;"Paraiso";"PA";"jriply2i@dailymotion.com"
92;"Wojcieszkow";"PL";"blawley2j@pagesperso-orange.fr"
93;"Gravata";"BR";"htomczykowski2k@amazon.com"
94;"Guaraciaba do Norte";"BR";"cmacarthur2l@columbia.edu"
95;"Jurva";"FI";"cvater2m@feedburner.com"
96;"Abdanan";"IR";"eloynton2n@wix.com"
97;"Kazuno";"JP";"cfeast2o@phoca.cz"
98;"Guanghai";"CN";"cmaxsted2p@ezinearticles.com"
99;"Kiupo";"PH";"rkellough2q@nydailynews.com"
100;"Jefferson City";"US";"seustice2r@geocities.jp"
101;"Phuket";"TH";"phuket@skynet.be"
102;"Radom";"PL";"lstearnes2t@infoseek.co.jp"
103;"Basa";"PH";"sgaliero2u@plala.or.jp"
104;"Kauran";"PH";"mcastelletti2v@independent.co.uk"
105;"Weixin";"CN";"lgrunson2w@studiopress.com"
106;"Driten";"CZ";"cbatting2x@bigcartel.com"
107;"Rubiataba";"BR";"nsilmon2y@example.com"
108;"Pingdu";"CN";"civshin2z@cnn.com"
109;"Wolfsonk";"BE";"wolfsdonk.sport@gmail.com"
110;"Issy-les-Moulineaux";"FR";"ymollindinia31@goo.ne.jp"
111;"Perehonivka";"UA";"rganforth32@economist.com"
112;"Meizhou";"CN";"arolley33@washingtonpost.com"
113;"Sinop";"BR";"anappin34@slate.com"
114;"Ustupo";"PA";"tmccarly35@redcross.org"
115;"Altan Emel";"CN";"kquade36@bigcartel.com"
116;"Rovnoye";"RU";"gtippell37@nature.com"
117;"Baoshi";"CN";"jbrearton38@trellian.com"
118;"Kaduna";"NG";"tkrates39@sciencedaily.com"
119;"Longcun";"CN";"gchaise3a@over-blog.com"
120;"Brugge";"BE";"brugge@live.be"
121;"De Panne";"BE";"pannekes@nasa.gov"
122;"Qingxi";"CN";"gbails3d@icq.com"
123;"Streenokkerzeel";"BE";"steen@gmail.com"
124;"Okinawa";"JP";"ok@gmail.com"
125;"Pelotas";"BR";"dpickford3g@moonfruit.com"
126;"Langarud";"IR";"bhabbes3h@soundcloud.com"
127;"Mina Clavero";"AR";"fwestcar3i@cisco.com"
128;"Qili";"CN";"naddionizio3j@imdb.com"
129;"Asykata";"KZ";"jgatecliffe3k@youtube.com"
130;"Aktogay";"KZ";"squartermaine3l@google.de"
131;"Aquitania";"CO";"jdamrel3m@sphinn.com"
132;"Kaedi";"MR";"jhearley3n@virginia.edu"
133;"Dembeni";"YT";"fbartleman3o@marriott.com"
134;"Peso da Regua";"PT";"dchuck3p@bloglovin.com"
135;"Bento Goncalves";"BR";"ashakesby3q@plala.or.jp"
136;"Sankui";"CN";"lstoffel3r@google.cn"
137;"Paris La Defense";"FR";"xcharpin3s@webmd.com"
138;"Maicao";"CO";"ohussey3t@hibu.com"
139;"Astghadzor";"AM";"bbexley3u@edublogs.org"
140;"Pilar";"BR";"tkemmish3v@vimeo.com"
141;"Kosum Phisai";"TH";"lalbion3w@ask.com"
142;"Gangshangji";"CN";"astaner3x@homestead.com"
143;"San Juan de Manapiare";"VE";"jpimm3y@latimes.com"
144;"Dilsen";"BE";"dilsen@gmail.com"
145;"Koani Ndogo";"TZ";"tgodfray40@acquirethisname.com"
146;"Nyimba";"ZM";"msturdgess41@artisteer.com"
147;"Campos Belos";"BR";"scrighton42@cocolog-nifty.com"
148;"Danchang";"CN";"bpierce43@guardian.co.uk"
149;"Maaseik";"BE";"maaseik@gmail.com"
150;"Bree";"BE";"bree@gmail.com"
151;"Halden";"NO";"tlineham46@github.com"
152;"Emiliano Zapata";"MX";"ccolbourn47@statcounter.com"
153;"Jojoima";"SL";"bverty48@sun.com"
154;"Katipunan";"PH";"wkerwen49@nba.com"
155;"Olen";"BE";"olen@gmail.com"
156;"Xunzhong";"CN";"aadanet4b@fema.gov"
157;"Dengzishan";"CN";"cstokey4c@phoca.cz"
158;"Rillaar";"BE";"rillaar@gmail.com"
159;"Tienen";"BE";"tienen@gmail.com"
160;"Itumbiara";"BR";"ecaldaro4f@cornell.edu"
161;"Vasteras";"SE";"mgabbett4g@smugmug.com"
162;"Babug";"PH";"eperott4h@issuu.com"
163;"Strassen";"LU";"grawstorn4i@ucoz.com"
164;"Lebedinovka";"KG";"oree4j@google.fr"
165;"Port Hawkesbury";"CA";"alancley4k@youtube.com"
166;"Polowat";"FM";"kconaboy4l@slate.com"
167;"Miaoli";"TW";"tpetruskevich4m@apache.org"
168;"Balti";"MD";"mticksall4n@craigslist.org"
169;"Halle";"DE";"cends4o@naver.com"
170;"Pilar";"PH";"snavarro4p@time.com"
171;"Anderlecht";"BE";"anderlect@gmail.com"
172;"Bergvijver";"BE";"bergvijver@gmail.com"
173;"Cajueiro";"BR";"kcrump4s@si.edu"
174;"Spirovo";"RU";"rfaichnie4t@eventbrite.com"
175;"Putte";"BE";"put@gmail.com"
176;"Nikolayevsk";"RU";"vmckleod4v@rediff.com"
177;"Yingta";"CN";"sdannel4w@constantcontact.com"
178;"Tonantins";"BR";"rjanuszewski4x@vimeo.com"
179;"Prado";"CO";"dlongbothom4y@geocities.jp"
180;"Grimbergen";"BE";"grimbergen@gmail.com"
181;"Jiucaizhuang";"CN";"kcornelleau50@dropbox.com"
182;"Lingion";"PH";"kjanczyk51@time.com"
183;"Aurelliana";"PH";"rmeuse52@e-recht24.de"
184;"Kinrooi";"BE";"kin@gmail.com"
185;"Planaltina";"BR";"ffulibrary_idge54@nyu.edu"
186;"Hualong";"CN";"hmosedill55@behance.net"
187;"Lucerna";"HN";"abruggeman56@weather.com"
188;"Pindamonhangaba";"BR";"qtrodd57@nasa.gov"
189;"Longbu";"CN";"fstacey58@sphinn.com"
190;"Mons";"BE";"bergen@gmail.com"
191;"San Rafael Petzal";"GT";"sferenc5a@narod.ru"
192;"Mingshuihe";"CN";"aperrott5b@taobao.com"
193;"Luik";"BE";"luiksesiroop@gmail.com"
194;"Smach Mean Chey";"KH";"amargery5d@skype.com"
195;"Marechal Candlibrary_ido Rondon";"BR";"bmillbank5e@cdbaby.com"
196;"Ganlin";"CN";"ggilhouley5f@google.fr"
197;"Xinpu";"CN";"rwillowby5g@wired.com"
198;"Huanuni";"BO";"monele5h@simplemachines.org"
199;"Tadine";"NC";"mlung5i@posterous.com"
